customer_id,name,email,segment,signup_date,monthly_usage_hours,monthly_ai_assist_calls,churned
5d93f11f998a,Jordan Nguyen,jordan.nguyen@demo.org,smb,2023-09-08,8.5,41,0
5ced2e595c1b,Jordan Davis,jordan.davis@demo.org,self-serve,2023-01-31,4.2,9,0
c81985c6c39b,Riley Chen,riley.chen@example.com,self-serve,2024-04-04,0,0,1
49819ba9e8e8,Alex Lopez,alex.lopez@example.com,self-serve,2023-08-09,4.7,2,1
2ce987a9985d,Morgan Lopez,morgan.lopez@sample.dev,smb,2023-02-14,7.7,12,0
0206f9a3300e,Jordan Chen,jordan.chen@example.com,self-serve,2024-09-25,4.4,0,0
ef7d978ef807,Avery Garcia,avery.garcia@sample.dev,smb,2023-03-23,10.5,9,0
a85d5d2c0624,Morgan Kim,morgan.kim@example.com,self-serve,2023-08-03,1.5,0,0
415e1383e04a,Rowan Kim,rowan.kim@demo.org,smb,2023-09-08,9.0,33,0
220ffe31961b,Quinn Garcia,quinn.garcia@sample.dev,smb,2023-02-27,8.1,27,0
7863f956ae9f,Jordan Garcia,jordan.garcia@sample.dev,enterprise,2024-08-03,21.2,73,0
1f9002271013,Jamie Kim,jamie.kim@sample.dev,self-serve,2023-09-10,2.9,0,0
44f34877dffd,Rowan Martin,rowan.martin@example.com,self-serve,2023-05-22,2.1,4,1
b67ae52f0987,Taylor Kim,taylor.kim@sample.dev,smb,2024-03-08,6.4,19,0
11fc7b239c4f,Quinn Brown,quinn.brown@sample.dev,enterprise,2023-01-12,19.6,75,0
582ad9892248,Morgan Patel,morgan.patel@sample.dev,self-serve,2023-06-11,0,12,0
212041a59145,Quinn Kim,quinn.kim@demo.org,smb,2023-04-19,9.2,18,0
fb1ff97af426,Riley Kim,riley.kim@example.com,self-serve,2023-06-15,0,0,0
bd1ee363aaf6,Rowan Lopez,rowan.lopez@sample.dev,self-serve,2023-04-25,6.7,0,0
006923d72059,Riley Nguyen,riley.nguyen@example.com,self-serve,2024-08-03,3.8,3,0
04c032dd6f1a,Quinn Kim,quinn.kim@demo.org,self-serve,2024-05-01,4.1,3,0
c81dd7ed250c,Alex Garcia,alex.garcia@sample.dev,enterprise,2023-07-25,19.5,70,0
8131827d72b8,Jamie Chen,jamie.chen@example.com,self-serve,2023-09-11,3.3,13,0
90a787d78ea6,Rowan Garcia,rowan.garcia@example.com,self-serve,2023-03-02,3.6,26,0
e06762697bea,Quinn Garcia,quinn.garcia@demo.org,self-serve,2024-05-12,3.2,10,0
9cf136826c5d,Rowan Lee,rowan.lee@sample.dev,self-serve,2024-04-29,3.5,0,1
f0e3d2fa92c3,Morgan Martin,morgan.martin@sample.dev,self-serve,2023-02-25,0.3,0,1
9845fb3858c6,Morgan Patel,morgan.patel@sample.dev,self-serve,2023-07-14,1.9,3,0
31246f28af44,Riley Patel,riley.patel@example.com,self-serve,2024-07-17,5.4,13,0
e5ff08359703,Jordan Garcia,jordan.garcia@example.com,self-serve,2024-05-12,0,7,0
398c632e0c18,Alex Nguyen,alex.nguyen@demo.org,enterprise,2023-09-29,23.1,72,0
da7612b0321f,Quinn Lee,quinn.lee@example.com,self-serve,2023-10-31,3.1,8,0
c279032b8425,Morgan Nguyen,morgan.nguyen@demo.org,self-serve,2024-05-03,0,4,1
8fa9f8a02790,Jordan Kim,jordan.kim@demo.org,self-serve,2023-03-11,2.3,0,1
39369dd750e3,Riley Davis,riley.davis@sample.dev,smb,2024-09-26,10.5,32,0
a7731ff0c8d7,Casey Garcia,casey.garcia@sample.dev,smb,2023-11-18,8.1,35,0
24bd8654cbdc,Jamie Lopez,jamie.lopez@example.com,enterprise,2023-03-16,22.8,80,0
7f793566e143,Jordan Chen,jordan.chen@example.com,self-serve,2023-09-29,4.2,11,1
aa71689d74c8,Morgan Brown,morgan.brown@demo.org,self-serve,2024-07-10,2.2,0,0
ff0ea8dad29a,Quinn Nguyen,quinn.nguyen@example.com,smb,2024-07-21,7.1,39,0
a32550081787,Casey Patel,casey.patel@sample.dev,enterprise,2024-07-20,20.9,86,0
8ae23958a7fb,Riley Brown,riley.brown@sample.dev,smb,2023-09-15,11.2,14,1
6f450becf3eb,Casey Nguyen,casey.nguyen@demo.org,self-serve,2023-05-14,2.0,0,0
79cad00dd573,Alex Chen,alex.chen@example.com,self-serve,2023-03-19,5.9,0,1
75cb8c838c99,Morgan Davis,morgan.davis@example.com,smb,2024-03-16,9.2,31,0
0e4c77b5e03c,Morgan Garcia,morgan.garcia@demo.org,smb,2023-04-16,6.4,35,0
d4dd256182c5,Taylor Garcia,taylor.garcia@sample.dev,enterprise,2023-07-01,20.3,78,0
b209e15560c1,Alex Garcia,alex.garcia@example.com,self-serve,2023-04-21,2.6,6,0
21a836a5c3ba,Jamie Lopez,jamie.lopez@sample.dev,self-serve,2023-08-22,3.5,19,0
e9dbbe87254a,Jordan Brown,jordan.brown@example.com,self-serve,2024-06-05,0,21,0
14854d4135ee,Jordan Brown,jordan.brown@sample.dev,self-serve,2023-09-29,5.6,8,0
9ef284075e83,Alex Davis,alex.davis@demo.org,enterprise,2023-04-29,18.0,88,0
c860ba6fd6db,Alex Nguyen,alex.nguyen@example.com,smb,2024-07-05,6.2,3,0
b57a39129bd3,Morgan Martin,morgan.martin@sample.dev,self-serve,2023-12-05,0.9,0,1
14f32fbd21b9,Quinn Brown,quinn.brown@sample.dev,smb,2023-12-01,6.6,29,0
b24b78d9482e,Alex Kim,alex.kim@example.com,smb,2023-11-05,4.9,35,0
608f25651bdf,Alex Davis,alex.davis@sample.dev,smb,2023-11-26,5.9,27,0
7232072aac85,Taylor Patel,taylor.patel@demo.org,self-serve,2024-09-26,1.1,20,0
c61c66e11e1e,Casey Garcia,casey.garcia@example.com,smb,2023-05-31,9.5,26,0
91520106e2ae,Jamie Martin,jamie.martin@example.com,enterprise,2024-08-12,21.1,94,0
a556d093dae8,Taylor Nguyen,taylor.nguyen@demo.org,enterprise,2023-04-20,20.2,73,0
a1d91b3d0864,Quinn Lee,quinn.lee@sample.dev,self-serve,2023-09-13,3.9,2,1
a58e482c81f6,Quinn Chen,quinn.chen@demo.org,smb,2024-03-29,5.6,14,0
66af36dcc717,Jamie Kim,jamie.kim@sample.dev,smb,2024-05-01,4.8,30,0
b13c382c4f45,Quinn Lee,quinn.lee@sample.dev,smb,2023-10-09,5.1,30,0
8615f7b6fd49,Morgan Chen,morgan.chen@example.com,self-serve,2023-06-04,3.4,20,0
4a28db254956,Alex Martin,alex.martin@demo.org,self-serve,2024-04-22,1.8,8,0
3a4336b85c0e,Avery Davis,avery.davis@sample.dev,self-serve,2023-01-07,4.6,2,0
ba812c55dab1,Quinn Chen,quinn.chen@sample.dev,smb,2023-08-14,6.4,25,0
a0ec6acbd525,Morgan Martin,morgan.martin@sample.dev,smb,2024-04-23,12.9,11,0
1f7cf783fbd5,Rowan Davis,rowan.davis@example.com,smb,2023-03-27,7.3,20,0
b89a113215f7,Casey Martin,casey.martin@sample.dev,self-serve,2024-04-10,1.4,19,0
ebc250c6804e,Casey Patel,casey.patel@example.com,self-serve,2024-07-06,7.7,12,0
d98288a25809,Avery Nguyen,avery.nguyen@sample.dev,enterprise,2023-07-24,21.5,68,0
9b3b50de3276,Jordan Davis,jordan.davis@demo.org,enterprise,2024-04-21,18.9,63,0
e1d4ecf1e5b3,Jordan Kim,jordan.kim@sample.dev,enterprise,2023-04-21,16.0,69,0
a43737fb1198,Alex Garcia,alex.garcia@demo.org,self-serve,2023-09-06,5.8,15,0
debaccb70120,Jordan Davis,jordan.davis@demo.org,smb,2023-12-22,5.1,21,1
15a524b409d2,Morgan Nguyen,morgan.nguyen@sample.dev,smb,2024-05-16,12.0,40,0
7da44c364fb4,Taylor Martin,taylor.martin@demo.org,self-serve,2024-06-18,4.5,3,0
4dd757019a78,Jamie Lee,jamie.lee@example.com,self-serve,2024-08-29,2.5,24,0
d7b1c5ce7aab,Casey Lee,casey.lee@sample.dev,self-serve,2024-04-20,0.3,0,0
8fbb7fc12b12,Morgan Kim,morgan.kim@demo.org,self-serve,2023-12-30,3.5,0,0
0708a0a729ab,Casey Chen,casey.chen@example.com,self-serve,2023-07-15,5.7,13,0
6d59080ccc05,Jamie Lee,jamie.lee@sample.dev,self-serve,2023-01-18,4.2,8,0
9b7f2e4c989e,Rowan Lopez,rowan.lopez@sample.dev,self-serve,2024-06-27,0,33,0
137287df0ca6,Jamie Brown,jamie.brown@demo.org,self-serve,2023-08-25,3.9,9,1
18246ee50af7,Taylor Garcia,taylor.garcia@demo.org,self-serve,2024-05-10,2.6,18,0
4ee05ba76913,Casey Patel,casey.patel@demo.org,smb,2023-10-31,8.2,31,1
5668d1a6d30a,Taylor Brown,taylor.brown@sample.dev,self-serve,2023-02-25,0.1,0,1
e4b606532546,Jordan Nguyen,jordan.nguyen@sample.dev,smb,2024-04-25,6.2,26,0
c9b6a3da57f5,Jamie Patel,jamie.patel@example.com,smb,2024-02-15,5.4,25,0
18c82d1ad500,Taylor Davis,taylor.davis@demo.org,enterprise,2023-03-29,21.0,79,0
a0eeccbb97d1,Rowan Davis,rowan.davis@demo.org,self-serve,2024-06-19,0,19,0
c5ef0be5568a,Alex Brown,alex.brown@example.com,smb,2023-03-03,5.5,14,0
2a325ea24a12,Riley Brown,riley.brown@sample.dev,smb,2023-06-10,8.2,37,0
fbc2902be46a,Jamie Davis,jamie.davis@sample.dev,self-serve,2023-02-03,3.4,20,0
df08e98353ef,Jordan Garcia,jordan.garcia@example.com,enterprise,2024-10-02,16.9,70,0
e90e5ad45803,Quinn Garcia,quinn.garcia@sample.dev,smb,2023-09-30,8.4,21,0
f840348fb718,Rowan Davis,rowan.davis@sample.dev,enterprise,2024-03-25,22.2,90,0
dfc3bb2ca365,Quinn Chen,quinn.chen@demo.org,self-serve,2023-03-24,0,0,0
48159a9c94ab,Casey Nguyen,casey.nguyen@sample.dev,self-serve,2024-08-12,2.7,3,0
8995d6a90896,Rowan Nguyen,rowan.nguyen@example.com,smb,2023-06-29,5.1,27,0
38b802d85864,Rowan Martin,rowan.martin@sample.dev,smb,2024-05-18,10.2,22,0
93039089e81e,Jordan Kim,jordan.kim@demo.org,self-serve,2024-05-22,1.9,28,0
0266b27d1d1a,Avery Lee,avery.lee@demo.org,self-serve,2023-09-16,0.6,28,0
285bfb15f194,Avery Chen,avery.chen@demo.org,self-serve,2023-02-25,3.7,13,0
e0e1a102f0d6,Jamie Nguyen,jamie.nguyen@sample.dev,self-serve,2024-07-16,4.1,11,0
a94a1e965255,Jordan Nguyen,jordan.nguyen@example.com,enterprise,2024-09-15,21.0,65,0
18d21cbf453d,Quinn Martin,quinn.martin@sample.dev,self-serve,2023-04-27,2.0,6,0
6194f26a55c4,Casey Chen,casey.chen@demo.org,smb,2024-03-01,10.8,0,0
aecea1ea1066,Taylor Martin,taylor.martin@sample.dev,self-serve,2024-09-05,0,3,0
f3b10f249522,Alex Lopez,alex.lopez@demo.org,enterprise,2024-06-03,20.0,80,0
db3a2f687d27,Rowan Lee,rowan.lee@demo.org,enterprise,2024-04-02,18.2,77,0
8ed537ac8529,Alex Lee,alex.lee@sample.dev,enterprise,2023-07-13,21.5,79,0
d652ac30659e,Avery Lopez,avery.lopez@example.com,smb,2024-01-26,5.8,34,0
1a087272d564,Jamie Nguyen,jamie.nguyen@example.com,self-serve,2024-08-27,2.5,9,0
81ed3db6afa9,Quinn Lee,quinn.lee@sample.dev,self-serve,2023-05-28,0.5,12,1
c766e66355bb,Casey Lopez,casey.lopez@demo.org,smb,2024-02-12,5.7,9,0
d7ee1bf0a329,Alex Lopez,alex.lopez@demo.org,smb,2024-05-14,8.4,23,1
3190f0c509f2,Casey Garcia,casey.garcia@example.com,smb,2024-03-20,11.3,22,0
f15946d20f9f,Jamie Kim,jamie.kim@sample.dev,smb,2023-01-30,11.4,30,0
66d998b5561a,Alex Kim,alex.kim@example.com,self-serve,2024-02-26,0,0,1
625983fa5b76,Rowan Martin,rowan.martin@demo.org,smb,2023-09-04,5.4,25,0
ae2e7a7792bf,Casey Lee,casey.lee@demo.org,self-serve,2023-01-10,4.8,0,0
4b04ed47d01c,Taylor Patel,taylor.patel@demo.org,self-serve,2023-12-20,4.7,4,0
9577fcc1e59e,Casey Lee,casey.lee@sample.dev,smb,2023-07-23,11.9,24,0
3627098ca1d8,Rowan Lopez,rowan.lopez@example.com,smb,2023-10-30,11.7,27,0
e3b2fbb7c590,Rowan Nguyen,rowan.nguyen@example.com,enterprise,2024-05-23,22.1,61,0
5192c8f95cc4,Rowan Lopez,rowan.lopez@demo.org,self-serve,2023-07-14,0.8,0,0
76ce28591fe4,Taylor Patel,taylor.patel@demo.org,enterprise,2023-02-10,19.2,90,0
6cc050fdc53b,Taylor Patel,taylor.patel@demo.org,enterprise,2023-12-01,20.0,73,0
881ead633218,Morgan Chen,morgan.chen@sample.dev,smb,2023-10-07,8.7,18,0
63ec26177220,Casey Lopez,casey.lopez@demo.org,smb,2024-04-24,9.1,23,0
7edaaaf56f90,Alex Chen,alex.chen@demo.org,self-serve,2024-02-09,5.5,6,0
dc0484914f28,Casey Davis,casey.davis@demo.org,self-serve,2024-01-16,4.1,9,1
bf5dc67c48d7,Morgan Davis,morgan.davis@demo.org,self-serve,2023-03-06,1.5,0,0
b077230c35cc,Alex Patel,alex.patel@demo.org,self-serve,2023-02-08,2.2,15,1
2c8c4d3d2cba,Taylor Martin,taylor.martin@sample.dev,self-serve,2024-07-07,0.1,13,1
0da624b2bdb1,Jordan Lee,jordan.lee@example.com,smb,2023-10-14,9.9,26,0
18e0c99a57f1,Morgan Patel,morgan.patel@sample.dev,enterprise,2024-01-12,14.7,72,0
fcc5a55c2d5b,Casey Garcia,casey.garcia@example.com,enterprise,2024-04-10,21.2,83,0
b5d2834516d9,Avery Lopez,avery.lopez@demo.org,self-serve,2023-05-09,3.3,0,0
b462c2c1ee2d,Riley Davis,riley.davis@example.com,self-serve,2023-08-27,2.5,9,0
c8e37b213b76,Casey Kim,casey.kim@example.com,enterprise,2024-07-07,20.0,86,0
aee4ddf20954,Taylor Nguyen,taylor.nguyen@example.com,self-serve,2023-09-01,2.7,4,0
a6967f928d01,Alex Chen,alex.chen@example.com,self-serve,2023-03-07,0,7,0
b858a1f1eb8c,Jamie Chen,jamie.chen@demo.org,self-serve,2024-09-21,6.4,9,0
d4c823e08ed3,Casey Lee,casey.lee@demo.org,smb,2023-02-01,10.1,29,0
6451632fcfa4,Jordan Lee,jordan.lee@example.com,smb,2024-03-30,8.7,26,0
5359fdd0d873,Taylor Brown,taylor.brown@demo.org,smb,2024-08-22,6.3,22,0
de2ab7f1d490,Casey Lee,casey.lee@demo.org,smb,2024-03-16,10.5,34,0
6fa7bd444288,Quinn Garcia,quinn.garcia@demo.org,self-serve,2023-08-22,0,14,0
5c74bc4ed6e3,Jordan Lopez,jordan.lopez@example.com,self-serve,2023-09-19,2.2,9,0
7686a02a2f91,Jordan Patel,jordan.patel@example.com,self-serve,2023-04-09,2.9,0,1
a4960e4c0ebb,Rowan Chen,rowan.chen@sample.dev,smb,2023-05-06,4.6,35,0
4b2995138138,Avery Brown,avery.brown@sample.dev,smb,2023-12-27,9.9,32,0
3c667ff4186c,Riley Patel,riley.patel@sample.dev,self-serve,2024-07-23,0.7,17,0
57372825b3a6,Quinn Davis,quinn.davis@sample.dev,smb,2024-07-24,12.5,28,0
a7ca59c497de,Avery Kim,avery.kim@example.com,self-serve,2023-11-13,4.6,0,0
237da7f15262,Rowan Martin,rowan.martin@sample.dev,self-serve,2023-02-01,5.1,11,0
b9ca3d76b90e,Morgan Kim,morgan.kim@example.com,self-serve,2023-11-29,3.4,0,1
efd3b2989a80,Taylor Kim,taylor.kim@sample.dev,smb,2023-02-20,7.3,17,0
2535ad61b523,Rowan Lee,rowan.lee@sample.dev,self-serve,2023-08-09,3.0,0,0
b8b3cf3aa481,Rowan Lee,rowan.lee@example.com,smb,2023-11-12,9.9,27,0
ecbab272dd52,Riley Brown,riley.brown@sample.dev,enterprise,2023-05-21,20.1,71,0
bbeda10d4ff2,Alex Kim,alex.kim@sample.dev,self-serve,2024-06-29,2.3,0,0
0d15c7d5fbb1,Jordan Martin,jordan.martin@sample.dev,enterprise,2023-02-13,18.0,84,0
664a72184aba,Rowan Martin,rowan.martin@example.com,smb,2024-03-03,7.5,34,0
327e25dfef53,Rowan Lee,rowan.lee@demo.org,smb,2024-01-06,11.3,35,0
17c19483cdaf,Alex Chen,alex.chen@example.com,self-serve,2023-11-14,3.0,0,0
2722c099c73c,Quinn Patel,quinn.patel@demo.org,smb,2023-07-18,9.5,19,0
49d119017bd7,Taylor Garcia,taylor.garcia@demo.org,self-serve,2023-09-20,3.9,17,0
80d2075746d0,Jordan Kim,jordan.kim@demo.org,enterprise,2024-05-20,17.5,82,0
b651c6b2a936,Rowan Davis,rowan.davis@sample.dev,self-serve,2023-11-20,3.4,8,0
c89afbb1eb58,Casey Davis,casey.davis@sample.dev,self-serve,2024-06-03,5.0,10,1
1882b188a9ee,Casey Patel,casey.patel@demo.org,smb,2023-04-03,6.2,17,0
b9548ce5c9ec,Avery Lee,avery.lee@example.com,enterprise,2024-08-08,19.0,72,0
b8a7c2744dd9,Avery Lee,avery.lee@example.com,self-serve,2023-12-18,3.8,4,0
69b7a97c30cd,Riley Lee,riley.lee@sample.dev,enterprise,2024-06-20,18.8,79,0
5b22477ee798,Alex Martin,alex.martin@sample.dev,smb,2024-09-04,10.7,29,0
a9d25f5dad35,Jordan Chen,jordan.chen@demo.org,smb,2023-10-18,8.0,44,0
5c6bb4151025,Taylor Lopez,taylor.lopez@demo.org,self-serve,2023-05-25,4.5,0,0
17d9b450b913,Alex Kim,alex.kim@example.com,smb,2023-03-28,7.3,34,0
eab103f0db6c,Quinn Patel,quinn.patel@example.com,smb,2024-03-09,7.6,24,0
8f4258064c05,Morgan Lee,morgan.lee@demo.org,self-serve,2023-05-21,3.9,11,0
ccd88ec10ce9,Quinn Chen,quinn.chen@example.com,self-serve,2023-12-11,5.0,0,0
3ca3605bf238,Taylor Kim,taylor.kim@sample.dev,smb,2024-10-01,8.4,19,0
d9514c089f16,Morgan Garcia,morgan.garcia@demo.org,enterprise,2024-09-17,19.3,96,0
4d415e36ac76,Riley Brown,riley.brown@demo.org,enterprise,2024-04-25,21.1,76,0
aa72ff861493,Jamie Lee,jamie.lee@example.com,smb,2024-01-27,5.9,24,0
6de1ec902376,Rowan Kim,rowan.kim@example.com,enterprise,2023-02-23,17.4,64,0
a17717b88bb7,Quinn Patel,quinn.patel@sample.dev,self-serve,2023-06-14,2.4,26,1
641a70d8048a,Jordan Garcia,jordan.garcia@sample.dev,smb,2023-12-24,9.9,20,0
8e2a4280f11f,Riley Martin,riley.martin@demo.org,enterprise,2024-01-19,20.3,88,0
e4ad0775b2cf,Morgan Kim,morgan.kim@demo.org,self-serve,2023-10-21,5.0,0,0
485e7d25e0fa,Jamie Lee,jamie.lee@demo.org,smb,2023-03-23,9.4,25,0
5ae0c557f585,Rowan Chen,rowan.chen@demo.org,self-serve,2023-10-23,3.1,10,0
7019e0006e55,Rowan Lee,rowan.lee@example.com,self-serve,2024-05-26,2.7,3,0
732202382336,Taylor Brown,taylor.brown@demo.org,self-serve,2024-09-21,1.4,15,0
48d0792148b0,Jordan Chen,jordan.chen@demo.org,enterprise,2023-03-11,22.4,76,0
b4cf3ea14ab9,Quinn Nguyen,quinn.nguyen@demo.org,self-serve,2024-04-26,4.9,7,0
48e6a6e45107,Avery Lopez,avery.lopez@demo.org,smb,2023-12-20,8.2,39,0
c237daec6f39,Morgan Kim,morgan.kim@demo.org,self-serve,2024-07-13,1.5,17,0
c01b8a0bcf5c,Jamie Lee,jamie.lee@sample.dev,smb,2023-05-19,11.2,31,0
38a04068af54,Riley Nguyen,riley.nguyen@demo.org,smb,2023-02-12,7.3,32,0
182f898ac746,Jamie Brown,jamie.brown@demo.org,self-serve,2023-07-15,2.1,24,1
4019fb54b94b,Morgan Brown,morgan.brown@sample.dev,self-serve,2024-01-12,1.1,8,0
49cd5aaa6009,Morgan Kim,morgan.kim@example.com,self-serve,2024-05-24,0.6,18,0
09ef0d4f4937,Alex Patel,alex.patel@demo.org,self-serve,2023-07-04,1.3,2,1
ad0c1551f1d2,Casey Brown,casey.brown@demo.org,self-serve,2024-03-12,4.1,14,0
43afc9dfe113,Morgan Davis,morgan.davis@demo.org,enterprise,2023-10-09,17.7,66,1
8a7d92fbf0cb,Alex Lopez,alex.lopez@sample.dev,smb,2023-06-13,9.1,23,0
2442bae7c711,Avery Kim,avery.kim@example.com,self-serve,2024-01-11,0,23,1
057ff2ab69ff,Jamie Lopez,jamie.lopez@demo.org,self-serve,2023-03-20,0.8,0,0
0bde3ab35033,Casey Garcia,casey.garcia@demo.org,enterprise,2023-01-27,19.8,68,0
7ddc05116b50,Jordan Brown,jordan.brown@sample.dev,smb,2024-04-01,8.6,38,0
827a95ad300b,Riley Patel,riley.patel@example.com,self-serve,2023-03-17,0,11,0
354f339c1f08,Morgan Lopez,morgan.lopez@demo.org,smb,2024-07-17,3.9,19,0
8c1c039e5d4a,Taylor Lopez,taylor.lopez@sample.dev,smb,2023-05-05,11.5,23,0
0ca790815ecc,Avery Lopez,avery.lopez@example.com,smb,2024-01-13,2.4,30,0
7d34f78ea1e8,Jordan Brown,jordan.brown@example.com,self-serve,2024-05-05,0,2,0
2d253c045744,Taylor Lopez,taylor.lopez@demo.org,smb,2024-04-05,5.6,27,0
0d16eb3adec4,Rowan Kim,rowan.kim@example.com,smb,2023-05-13,4.0,34,1
ef8262a59902,Quinn Kim,quinn.kim@demo.org,self-serve,2023-06-15,1.6,19,0
c5074f0fc485,Casey Patel,casey.patel@example.com,self-serve,2024-07-18,2.6,18,0
bb1b3724ea5a,Quinn Kim,quinn.kim@demo.org,smb,2024-08-17,9.7,37,0
b112109c985c,Morgan Davis,morgan.davis@sample.dev,self-serve,2023-01-30,7.3,16,0
18a00cbf007a,Riley Davis,riley.davis@sample.dev,self-serve,2023-02-01,0.2,5,0
c5574c7edcb6,Jamie Garcia,jamie.garcia@sample.dev,smb,2024-02-20,7.8,28,1
73c5579e8c54,Alex Lee,alex.lee@demo.org,self-serve,2023-12-15,1.6,0,0
5698a3a4267d,Morgan Martin,morgan.martin@example.com,self-serve,2024-01-15,2.1,4,0
8654358bfee1,Casey Lee,casey.lee@sample.dev,self-serve,2023-04-10,7.6,12,0
db9b4fb20d9c,Riley Kim,riley.kim@demo.org,smb,2024-08-14,7.8,18,0
54bc4aa4c069,Jamie Lee,jamie.lee@example.com,enterprise,2024-05-24,24.8,83,0
0faf88b54f82,Riley Davis,riley.davis@demo.org,self-serve,2023-02-21,2.5,18,0
6890f419088b,Jamie Brown,jamie.brown@sample.dev,smb,2023-04-21,4.2,33,0
e4112e9cae4b,Morgan Nguyen,morgan.nguyen@sample.dev,self-serve,2024-08-06,1.2,1,0
8cdcfa27d377,Quinn Lee,quinn.lee@example.com,smb,2023-10-14,9.3,12,0
0accbd01068b,Jordan Martin,jordan.martin@demo.org,self-serve,2023-12-14,1.2,1,1
9d3e0d3a458b,Quinn Martin,quinn.martin@demo.org,smb,2023-02-16,11.1,28,0
9487dfab430f,Jamie Kim,jamie.kim@sample.dev,smb,2024-06-11,11.0,42,0
27c966af8f61,Rowan Brown,rowan.brown@sample.dev,smb,2024-06-03,9.2,14,0
c352d0d378df,Jamie Nguyen,jamie.nguyen@demo.org,self-serve,2023-04-23,5.6,3,0
a2ab230e3b8a,Avery Davis,avery.davis@example.com,self-serve,2024-08-15,0.2,0,0
4f587e8d9c79,Quinn Davis,quinn.davis@demo.org,smb,2024-01-25,9.8,37,1
c1d69e4d3cd4,Jordan Garcia,jordan.garcia@demo.org,self-serve,2023-11-18,1.2,10,0
53c87332b66c,Rowan Lee,rowan.lee@demo.org,enterprise,2023-03-05,19.3,68,0
f9e0575b24ab,Jamie Chen,jamie.chen@demo.org,self-serve,2023-06-27,0.6,8,0
d21ecaa20965,Casey Davis,casey.davis@sample.dev,self-serve,2023-09-10,2.7,13,0
2caa1eef61d6,Casey Garcia,casey.garcia@demo.org,smb,2024-05-15,7.2,33,0
79ca6605be62,Casey Brown,casey.brown@example.com,self-serve,2024-07-10,0,24,0
166b07a591c3,Casey Nguyen,casey.nguyen@sample.dev,self-serve,2023-03-22,1.8,13,0
c9060a57b4e6,Riley Garcia,riley.garcia@demo.org,smb,2023-10-05,10.8,18,0
cdf80fbc8af4,Rowan Garcia,rowan.garcia@sample.dev,self-serve,2024-06-27,3.2,12,1
a75a94a77414,Jamie Patel,jamie.patel@sample.dev,smb,2023-05-21,10.5,25,0
75f3f99bf181,Jamie Lee,jamie.lee@example.com,smb,2023-10-22,6.8,37,0
116b35fda478,Rowan Garcia,rowan.garcia@example.com,smb,2023-02-08,9.1,21,0
c8c1b789453f,Avery Martin,avery.martin@example.com,smb,2023-07-10,12.7,15,0
c552bcd8f508,Avery Brown,avery.brown@demo.org,smb,2023-04-20,9.6,21,0
12b947bbe88d,Quinn Chen,quinn.chen@example.com,self-serve,2023-05-18,4.3,0,0
bce3730c20bf,Morgan Kim,morgan.kim@sample.dev,smb,2023-09-21,7.9,23,0
c8c481cc6e05,Rowan Garcia,rowan.garcia@demo.org,self-serve,2024-02-20,4.1,0,1
033e7c5dffa2,Jordan Kim,jordan.kim@example.com,enterprise,2024-05-03,19.3,86,0
19e2018ddef7,Jamie Brown,jamie.brown@sample.dev,enterprise,2023-11-06,17.7,73,0
4ac4cc88e98d,Riley Nguyen,riley.nguyen@demo.org,smb,2024-04-21,7.3,34,0
cdef9d433245,Casey Patel,casey.patel@sample.dev,smb,2023-10-30,7.0,30,0
8193a2b5b15f,Taylor Lee,taylor.lee@demo.org,smb,2024-09-12,5.8,36,0
d3618409b1fa,Riley Garcia,riley.garcia@demo.org,smb,2024-09-02,8.6,22,0
b57202a8c19b,Morgan Patel,morgan.patel@demo.org,enterprise,2023-04-25,22.3,84,0
de96cdaeb4bc,Quinn Kim,quinn.kim@sample.dev,self-serve,2024-06-16,0.2,10,0
92218cb479b0,Jordan Chen,jordan.chen@example.com,self-serve,2023-02-26,0.7,8,0
23e9328f4c6b,Quinn Lee,quinn.lee@demo.org,smb,2023-11-12,7.7,15,0
469c6b7f8a5a,Riley Davis,riley.davis@example.com,self-serve,2024-03-09,2.6,8,0
ea98a17087f5,Jamie Nguyen,jamie.nguyen@demo.org,self-serve,2023-07-04,3.4,0,0
5a2238cb607a,Alex Lopez,alex.lopez@example.com,enterprise,2024-01-27,15.8,87,0
d2871df12fcc,Quinn Kim,quinn.kim@example.com,smb,2023-12-23,12.6,46,0
ca88ad3d7ac3,Riley Nguyen,riley.nguyen@sample.dev,smb,2023-11-02,4.9,28,0
068dbb6f9412,Riley Garcia,riley.garcia@example.com,self-serve,2023-06-08,2.2,28,0
6ac28e230388,Avery Martin,avery.martin@sample.dev,smb,2023-01-17,8.0,28,0
cb90ced4e8ac,Rowan Nguyen,rowan.nguyen@example.com,self-serve,2023-02-15,1.8,9,0
a55986beed66,Taylor Chen,taylor.chen@demo.org,enterprise,2023-08-28,21.3,65,0
58b9c7285bf8,Morgan Garcia,morgan.garcia@sample.dev,self-serve,2023-05-27,5.4,3,0
4cc0894ef680,Avery Chen,avery.chen@sample.dev,enterprise,2023-06-29,18.5,72,0
f94253633ae3,Alex Chen,alex.chen@demo.org,self-serve,2024-03-02,1.6,9,0
f1347fe2d049,Jamie Garcia,jamie.garcia@example.com,smb,2023-11-04,8.7,20,0
814f9bb4b5a7,Quinn Martin,quinn.martin@sample.dev,enterprise,2024-07-24,18.1,78,0
8018b9f7b4e9,Jordan Lee,jordan.lee@sample.dev,smb,2023-04-05,4.3,20,1
1d43db2e1c3d,Rowan Davis,rowan.davis@demo.org,self-serve,2023-03-16,4.3,20,0
ef9e8eb57d35,Riley Lee,riley.lee@example.com,self-serve,2023-12-07,1.6,25,0
054c07c781de,Jordan Lee,jordan.lee@sample.dev,enterprise,2024-09-10,19.4,70,0
889c5abc9afa,Casey Martin,casey.martin@sample.dev,self-serve,2024-01-03,2.3,13,0
dbe7d97fd6a9,Jordan Lee,jordan.lee@demo.org,smb,2023-11-24,9.7,20,0
a111dc7c673b,Riley Kim,riley.kim@example.com,self-serve,2024-07-20,5.4,0,0
98a7cf4599b6,Riley Lopez,riley.lopez@demo.org,self-serve,2024-08-06,4.2,0,0
bd5a3dc3f387,Morgan Brown,morgan.brown@example.com,smb,2024-05-15,10.8,22,0
c237daec6f39,Morgan Kim,morgan.kim@demo.org,self-serve,2024-07-13,0,6,0
2c76a2caf34a,Avery Chen,avery.chen@sample.dev,self-serve,2023-03-18,5.8,0,0
b66b20f152f5,Taylor Garcia,taylor.garcia@demo.org,self-serve,2023-06-04,5.4,5,0
b2001bc46ca4,Rowan Lee,rowan.lee@demo.org,smb,2023-01-17,10.5,25,1
bc1e4b8dbdda,Casey Chen,casey.chen@example.com,enterprise,2023-01-18,16.9,79,0
e41a93969a3d,Jordan Patel,jordan.patel@sample.dev,smb,2023-09-04,8.9,36,0
442bd184b7c7,Alex Patel,alex.patel@sample.dev,self-serve,2024-02-20,1.6,6,0
dbc757c6a555,Jordan Nguyen,jordan.nguyen@demo.org,self-serve,2024-01-24,1.4,12,0
65b5f4772be5,Taylor Patel,taylor.patel@example.com,self-serve,2024-03-20,1.9,0,0
8a7c9b32b7d8,Quinn Nguyen,quinn.nguyen@sample.dev,self-serve,2024-08-03,2.4,5,1
19c8448e51c5,Quinn Davis,quinn.davis@demo.org,smb,2023-07-03,9.6,21,0
c502195c16f9,Taylor Martin,taylor.martin@sample.dev,enterprise,2023-11-03,20.8,86,0
0fdcb6bec609,Quinn Lopez,quinn.lopez@demo.org,self-serve,2023-05-24,3.8,0,1
a74b9715c60c,Morgan Nguyen,morgan.nguyen@demo.org,self-serve,2023-08-26,4.0,0,0
802857faf320,Alex Lopez,alex.lopez@demo.org,self-serve,2023-10-07,3.5,0,0
258d84025a73,Alex Martin,alex.martin@example.com,self-serve,2024-08-22,2.5,1,0
ffee233bac55,Jordan Patel,jordan.patel@sample.dev,self-serve,2024-01-25,2.3,0,0
00530a10215c,Morgan Patel,morgan.patel@example.com,self-serve,2023-11-12,0,10,1
f1a1812250d1,Taylor Martin,taylor.martin@demo.org,self-serve,2024-07-22,2.1,4,1
d7523cf340e2,Jordan Davis,jordan.davis@example.com,smb,2023-11-29,8.2,23,0
891507184ad7,Quinn Garcia,quinn.garcia@sample.dev,smb,2023-06-23,7.5,19,0
6b7777a34a7b,Jamie Kim,jamie.kim@sample.dev,self-serve,2024-03-21,2.7,13,0
c77ec920947d,Casey Garcia,casey.garcia@sample.dev,smb,2024-05-22,6.9,21,0
2dc25c699420,Avery Martin,avery.martin@sample.dev,self-serve,2024-09-27,0.1,18,0
27a4042e8216,Rowan Kim,rowan.kim@sample.dev,self-serve,2024-09-09,4.3,2,0
a5fe43e3cbe7,Morgan Brown,morgan.brown@sample.dev,smb,2024-05-17,11.4,21,0
4a640ef913c9,Alex Lopez,alex.lopez@demo.org,self-serve,2024-07-31,5.1,37,1
8b3e331159f7,Avery Lee,avery.lee@sample.dev,enterprise,2023-08-03,18.5,83,0
7048c1a36c63,Jamie Kim,jamie.kim@sample.dev,smb,2023-09-05,8.0,30,0
f8629d3eed9c,Jordan Lee,jordan.lee@demo.org,enterprise,2024-05-05,17.9,73,0
37b38c967fab,Alex Chen,alex.chen@example.com,self-serve,2024-01-04,1.9,0,0
815078375c67,Jordan Garcia,jordan.garcia@demo.org,smb,2023-12-30,9.4,36,0
8cce0480cc90,Alex Lopez,alex.lopez@demo.org,enterprise,2024-03-16,20.7,82,0
50930a36aa7f,Quinn Chen,quinn.chen@demo.org,smb,2024-08-12,8.4,34,0
3e4a612ed4cd,Rowan Chen,rowan.chen@example.com,self-serve,2023-01-26,1.3,5,0
e4321fd4f625,Jordan Kim,jordan.kim@sample.dev,self-serve,2023-12-18,1.7,6,0
3dbb0227ebc4,Jordan Lee,jordan.lee@example.com,smb,2024-04-08,7.3,32,0
4535ed7104f5,Avery Lopez,avery.lopez@demo.org,smb,2023-06-18,11.0,17,0
82e9c5ad6cc5,Taylor Lopez,taylor.lopez@demo.org,smb,2024-04-18,8.2,35,0
adb798f882a8,Alex Martin,alex.martin@example.com,self-serve,2024-09-20,4.6,0,0
8ac63423217a,Riley Garcia,riley.garcia@sample.dev,self-serve,2023-03-06,0,0,0
f98b3310058b,Morgan Garcia,morgan.garcia@sample.dev,self-serve,2023-09-26,1.9,0,0
449f7bdc361d,Rowan Martin,rowan.martin@example.com,smb,2024-08-24,9.4,31,0
d655011e4ec1,Casey Davis,casey.davis@sample.dev,smb,2023-05-18,7.4,31,0
cafc7dd2fd68,Taylor Chen,taylor.chen@demo.org,self-serve,2024-09-02,4.3,12,0
adcca57a06fe,Quinn Kim,quinn.kim@demo.org,smb,2024-05-16,7.7,31,0
ea38d70ce3ba,Avery Lopez,avery.lopez@demo.org,enterprise,2024-05-11,22.4,93,0
0cce3b0a8569,Jamie Martin,jamie.martin@demo.org,smb,2024-03-01,7.5,14,0
68521c2fcf95,Avery Garcia,avery.garcia@demo.org,self-serve,2023-10-09,3.3,13,0
55a69da38a30,Jamie Chen,jamie.chen@sample.dev,smb,2024-08-09,10.6,36,0
318c19d06c6b,Quinn Nguyen,quinn.nguyen@demo.org,smb,2024-03-27,2.2,16,0
5bb9734c5c06,Riley Brown,riley.brown@sample.dev,enterprise,2023-02-03,18.2,82,0
3b682cfdb142,Jordan Garcia,jordan.garcia@sample.dev,self-serve,2024-08-25,1.5,0,0
ac5e7620e137,Taylor Davis,taylor.davis@demo.org,self-serve,2023-07-31,4.4,0,0
08b3b1eaa1cc,Casey Davis,casey.davis@demo.org,smb,2023-11-28,9.6,23,0
faa151c30429,Jordan Kim,jordan.kim@example.com,enterprise,2024-02-26,25.5,64,0
cbdd1b32feb5,Taylor Garcia,taylor.garcia@sample.dev,self-serve,2023-11-26,4.6,0,0
ee31bc7b5ac2,Taylor Davis,taylor.davis@example.com,smb,2024-02-29,7.4,27,0
76559669c062,Alex Chen,alex.chen@demo.org,smb,2024-01-13,5.8,28,0
58e01423de55,Jordan Lee,jordan.lee@sample.dev,smb,2024-01-02,10.1,10,0
e62989004bd3,Riley Lee,riley.lee@sample.dev,self-serve,2023-10-18,1.6,16,0
d9f8b9dcc19b,Morgan Nguyen,morgan.nguyen@sample.dev,self-serve,2024-04-15,7.6,7,1
5b6254c0478a,Avery Martin,avery.martin@sample.dev,self-serve,2023-05-16,4.3,0,0
8f7288b2d2de,Jordan Lopez,jordan.lopez@demo.org,self-serve,2024-01-16,1.5,0,1
e2cda659dde5,Casey Garcia,casey.garcia@example.com,self-serve,2023-04-04,3.0,4,0
b499ac7b772f,Rowan Garcia,rowan.garcia@sample.dev,smb,2024-03-31,11.1,25,0
decca554c50c,Taylor Lee,taylor.lee@sample.dev,self-serve,2024-01-28,6.1,14,1
3e3e773048e9,Casey Kim,casey.kim@demo.org,self-serve,2023-05-17,1.1,0,1
8ae89e8e92ae,Avery Davis,avery.davis@sample.dev,smb,2024-03-26,7.2,30,0
17f8daa956a8,Rowan Lee,rowan.lee@demo.org,enterprise,2023-03-30,20.9,76,0
34b46f7e1a3a,Alex Lopez,alex.lopez@example.com,enterprise,2023-11-19,20.4,72,0
25862b095a19,Quinn Davis,quinn.davis@demo.org,smb,2024-09-14,7.0,48,1
637f915fd153,Casey Garcia,casey.garcia@example.com,smb,2024-06-05,8.7,34,0
21e0ab3cdc1b,Jamie Martin,jamie.martin@example.com,self-serve,2024-05-26,2.5,2,0
702fc3b0742c,Morgan Lopez,morgan.lopez@sample.dev,self-serve,2024-08-05,0.8,10,1
0f07d7d2e60b,Jordan Nguyen,jordan.nguyen@sample.dev,smb,2023-01-15,8.0,27,1
e58d5f70b606,Quinn Brown,quinn.brown@demo.org,smb,2024-05-28,8.2,14,0
e6df25f3e54d,Quinn Chen,quinn.chen@example.com,smb,2023-10-12,8.7,27,0
96d2bd85bdda,Quinn Lopez,quinn.lopez@example.com,self-serve,2023-03-09,2.2,14,0
d66af01aa494,Avery Garcia,avery.garcia@demo.org,self-serve,2024-03-20,5.1,14,1
da84c626e84a,Taylor Patel,taylor.patel@demo.org,self-serve,2023-05-21,2.6,0,0
c4b03ca23755,Quinn Brown,quinn.brown@example.com,self-serve,2023-05-10,3.0,0,0
4288cbdba4c6,Avery Lopez,avery.lopez@demo.org,smb,2023-10-06,6.5,23,0
2c23205af6b8,Jordan Lee,jordan.lee@example.com,self-serve,2024-01-04,6.7,11,1
206e0b336ca4,Casey Patel,casey.patel@example.com,enterprise,2023-04-29,20.3,91,1
140ac960b6d5,Riley Nguyen,riley.nguyen@example.com,self-serve,2024-01-28,4.1,1,0
c46382b5f46d,Quinn Martin,quinn.martin@example.com,self-serve,2023-09-12,0.2,13,0
a6ae650c1149,Rowan Lopez,rowan.lopez@sample.dev,self-serve,2023-02-23,4.6,21,0
af892ce0c7f4,Jordan Lee,jordan.lee@example.com,enterprise,2023-11-15,18.8,91,1
305cd41ca45d,Casey Davis,casey.davis@example.com,smb,2024-09-29,8.1,34,0
6af86980ec4d,Quinn Garcia,quinn.garcia@demo.org,self-serve,2024-02-24,5.5,6,0
9e118d87fede,Avery Lopez,avery.lopez@demo.org,self-serve,2024-01-21,4.9,0,1
784a434b71cf,Riley Martin,riley.martin@example.com,self-serve,2023-03-03,4.1,4,0
05b6d93eb553,Riley Chen,riley.chen@demo.org,self-serve,2024-01-17,0,9,0
fced9ead963d,Taylor Martin,taylor.martin@sample.dev,self-serve,2024-08-04,5.7,10,1
dd1ae5dff400,Casey Lopez,casey.lopez@sample.dev,enterprise,2024-02-07,19.0,64,0
3ebd407a0600,Riley Patel,riley.patel@example.com,enterprise,2023-05-20,20.5,66,0
53f459c712a7,Jamie Lee,jamie.lee@sample.dev,self-serve,2023-05-04,0,0,0
87bcabae83a8,Jamie Brown,jamie.brown@demo.org,enterprise,2023-04-03,21.7,92,0
5b99c8c575a1,Rowan Nguyen,rowan.nguyen@sample.dev,self-serve,2023-12-02,4.9,17,0
784afc285a9f,Quinn Nguyen,quinn.nguyen@sample.dev,smb,2023-09-24,8.5,19,0
b6b075acc3ee,Quinn Chen,quinn.chen@example.com,self-serve,2024-04-18,5.9,15,1
c91cdfa9bcfc,Riley Kim,riley.kim@demo.org,self-serve,2024-02-15,1.0,15,0
8bb816cdff99,Rowan Brown,rowan.brown@sample.dev,enterprise,2023-03-18,20.7,80,0
66d37bc64084,Taylor Patel,taylor.patel@demo.org,enterprise,2023-12-06,23.4,96,1
51b29b208dd3,Alex Martin,alex.martin@example.com,self-serve,2024-01-27,2.5,0,0
f4a6d5ca5fbc,Casey Brown,casey.brown@sample.dev,self-serve,2023-06-02,5.7,8,0
9fa08636a635,Jamie Martin,jamie.martin@example.com,enterprise,2024-05-05,21.5,83,0
8b668a4ae20f,Quinn Garcia,quinn.garcia@sample.dev,smb,2024-07-10,9.7,0,0
25a1333e62bb,Jamie Chen,jamie.chen@example.com,smb,2023-12-19,10.0,18,0
2e2caca60092,Avery Lopez,avery.lopez@sample.dev,smb,2023-01-31,10.8,14,1
49f0a0ded7e0,Quinn Lopez,quinn.lopez@sample.dev,smb,2023-08-27,8.9,24,0
b1e0ec1ed23c,Quinn Nguyen,quinn.nguyen@example.com,smb,2023-08-13,2.9,11,0
d1f8d7796a63,Taylor Garcia,taylor.garcia@demo.org,smb,2024-01-03,8.4,23,0
8df863d0bab8,Rowan Kim,rowan.kim@demo.org,smb,2023-07-12,9.9,9,0
2ad15b1180ed,Casey Kim,casey.kim@sample.dev,self-serve,2023-04-03,5.5,9,1
75ec555609d4,Avery Lopez,avery.lopez@sample.dev,enterprise,2023-07-26,20.6,71,0
462b3f6d6728,Avery Nguyen,avery.nguyen@example.com,self-serve,2023-05-26,3.6,0,0
f989becf9b9e,Morgan Martin,morgan.martin@sample.dev,smb,2023-12-11,7.7,30,0
5b4ae89b7d3a,Jamie Lopez,jamie.lopez@example.com,self-serve,2024-07-29,1.4,0,0
da9e5bb152b0,Rowan Kim,rowan.kim@demo.org,self-serve,2023-10-29,5.3,16,0
a1bca291728d,Alex Davis,alex.davis@demo.org,self-serve,2024-09-08,1.5,21,0
ed926c4977b8,Rowan Patel,rowan.patel@sample.dev,enterprise,2023-05-25,19.6,83,0
5a47a685ad5a,Taylor Patel,taylor.patel@example.com,smb,2023-12-10,6.5,27,0
8145ba72f16d,Morgan Brown,morgan.brown@example.com,smb,2023-01-02,10.1,28,0
7c50130816aa,Alex Lee,alex.lee@demo.org,enterprise,2023-12-26,19.1,78,0
66ebf90ba9c3,Riley Kim,riley.kim@example.com,self-serve,2023-02-04,2.5,13,0
12fb71d26bff,Morgan Kim,morgan.kim@example.com,enterprise,2023-06-14,19.7,67,0
13914416f9d2,Morgan Davis,morgan.davis@demo.org,enterprise,2024-05-09,19.4,69,0
e573ed6f2e19,Alex Kim,alex.kim@demo.org,self-serve,2023-12-06,3.4,11,0
d71f0ba833df,Quinn Brown,quinn.brown@sample.dev,smb,2023-11-01,8.0,28,0
44e1e29a2dbe,Taylor Nguyen,taylor.nguyen@sample.dev,self-serve,2024-03-13,6.2,14,0
72f430c32864,Riley Patel,riley.patel@example.com,self-serve,2023-06-24,0,0,0
2ab430952342,Casey Martin,casey.martin@sample.dev,self-serve,2023-09-29,5.1,11,0
daa14e54b7c2,Morgan Kim,morgan.kim@demo.org,self-serve,2023-09-27,1.5,7,0
b1a095f50457,Avery Kim,avery.kim@demo.org,smb,2023-04-10,9.6,29,0
89c2ec48720d,Riley Chen,riley.chen@sample.dev,self-serve,2024-02-01,3.9,0,0
769f73dbe147,Rowan Garcia,rowan.garcia@demo.org,self-serve,2023-03-22,0,17,1
bbd49271bd24,Quinn Davis,quinn.davis@example.com,smb,2024-09-27,10.9,44,0
5d9bb752316a,Riley Garcia,riley.garcia@demo.org,self-serve,2024-03-09,5.7,12,0
f0566749b9bc,Taylor Davis,taylor.davis@sample.dev,self-serve,2023-03-10,5.2,11,0
f3ba0916e0a5,Quinn Lee,quinn.lee@sample.dev,enterprise,2023-01-13,20.6,66,0
4ee10950fb9a,Jordan Martin,jordan.martin@example.com,self-serve,2024-08-03,0.1,0,0
088e82dc2253,Rowan Patel,rowan.patel@demo.org,smb,2024-07-02,11.0,10,0
30162e6df3e4,Jamie Davis,jamie.davis@demo.org,smb,2023-02-08,9.0,33,0
766cfdb98011,Alex Nguyen,alex.nguyen@sample.dev,self-serve,2023-12-06,2.8,2,0
7fd9d16f5ccd,Morgan Nguyen,morgan.nguyen@demo.org,self-serve,2023-11-07,1.6,22,0
e2cfc6574bc8,Jordan Garcia,jordan.garcia@demo.org,self-serve,2024-03-29,3.3,0,0
24311518043e,Jordan Garcia,jordan.garcia@example.com,self-serve,2024-02-21,2.8,0,0
ec796c1961e5,Quinn Kim,quinn.kim@demo.org,self-serve,2024-06-02,0.1,14,0
aa64827d7c01,Avery Kim,avery.kim@sample.dev,self-serve,2023-07-25,3.8,0,0
0f7182300ad6,Riley Brown,riley.brown@example.com,self-serve,2024-04-20,0.2,4,1
8f0e66506a7a,Riley Lopez,riley.lopez@sample.dev,self-serve,2024-04-01,4.8,23,0
becbe94ca86d,Morgan Kim,morgan.kim@sample.dev,smb,2023-09-22,8.0,9,0
f01365f54f5d,Avery Kim,avery.kim@sample.dev,enterprise,2023-08-08,21.8,68,0
244690dd6766,Alex Chen,alex.chen@example.com,self-serve,2023-01-10,1.9,5,1
bca6285efd6a,Riley Brown,riley.brown@sample.dev,smb,2023-11-09,7.3,9,0
bfe084d2c30a,Morgan Lee,morgan.lee@demo.org,self-serve,2024-04-22,2.2,16,0
e3a94b11d24a,Jordan Nguyen,jordan.nguyen@demo.org,smb,2024-01-19,5.5,19,0
3a1d5c8dc8c6,Jordan Lee,jordan.lee@demo.org,self-serve,2023-10-11,0.5,0,0
4920f388e28e,Casey Garcia,casey.garcia@demo.org,self-serve,2023-09-04,5.9,0,0
a255bcdc72b0,Alex Lopez,alex.lopez@sample.dev,smb,2023-01-27,4.1,0,0
dc848b01650f,Alex Martin,alex.martin@demo.org,smb,2024-08-20,7.3,12,0
683eb73d4886,Riley Chen,riley.chen@example.com,smb,2024-05-02,10.5,16,0
65032fc77e20,Quinn Kim,quinn.kim@example.com,self-serve,2024-04-27,4.1,10,0
ed995ad8e11d,Morgan Patel,morgan.patel@sample.dev,self-serve,2023-08-17,2.9,0,0
54cf821b2906,Morgan Brown,morgan.brown@demo.org,smb,2024-04-19,9.3,15,0
19fb82a3f7f1,Rowan Davis,rowan.davis@sample.dev,self-serve,2023-07-19,0,4,0
e5c12a914eac,Alex Nguyen,alex.nguyen@demo.org,enterprise,2023-06-04,20.9,85,0
833fd4d37419,Jamie Kim,jamie.kim@example.com,self-serve,2023-07-04,3.4,0,0
69101a7f3756,Morgan Nguyen,morgan.nguyen@example.com,self-serve,2023-10-08,3.9,21,0
397a255050d9,Jamie Patel,jamie.patel@sample.dev,self-serve,2024-03-20,1.6,0,0
e53987bd1e9a,Avery Nguyen,avery.nguyen@demo.org,smb,2024-01-18,12.0,18,0
ed23e20ba5bd,Riley Nguyen,riley.nguyen@example.com,smb,2023-09-12,8.6,45,0
b37fa7681900,Alex Chen,alex.chen@sample.dev,smb,2023-06-21,8.6,26,0
01062f62fd28,Quinn Davis,quinn.davis@sample.dev,smb,2024-03-20,13.0,3,0
69355302c575,Morgan Garcia,morgan.garcia@example.com,self-serve,2024-02-18,4.4,5,0
5cd98760ad6a,Avery Davis,avery.davis@demo.org,smb,2023-05-07,6.1,35,1
2951044aff59,Casey Chen,casey.chen@example.com,smb,2024-08-31,10.9,24,0
6debad89a159,Avery Patel,avery.patel@example.com,self-serve,2024-01-25,4.1,10,0
801e62a5c77d,Avery Brown,avery.brown@example.com,self-serve,2023-04-14,2.2,0,0
3e5467bfa345,Alex Patel,alex.patel@example.com,smb,2024-09-24,8.7,28,0
fa84c50d573e,Rowan Garcia,rowan.garcia@example.com,smb,2024-06-19,9.9,23,0
07cb89bb89e9,Avery Chen,avery.chen@example.com,self-serve,2023-08-01,2.1,0,0
cbf874e3bada,Jordan Patel,jordan.patel@demo.org,smb,2024-05-20,8.5,28,0
87b61b63fb80,Jordan Brown,jordan.brown@example.com,smb,2024-04-12,9.7,24,0
8436f449722e,Taylor Nguyen,taylor.nguyen@example.com,enterprise,2024-01-04,20.6,71,0
6974a2ea414e,Avery Nguyen,avery.nguyen@sample.dev,enterprise,2023-06-24,18.0,98,0
5378cd9bde30,Jordan Lopez,jordan.lopez@sample.dev,smb,2023-07-07,9.5,31,0
d828b68a81bb,Jamie Martin,jamie.martin@example.com,smb,2023-06-20,10.3,35,1
df53f8aa8c03,Jordan Martin,jordan.martin@sample.dev,enterprise,2024-05-09,21.0,65,0
d97159fb7e08,Morgan Davis,morgan.davis@sample.dev,self-serve,2023-05-14,0.7,6,0
401a35494484,Avery Patel,avery.patel@demo.org,self-serve,2023-11-18,7.0,6,0
d8ba0375db4e,Rowan Davis,rowan.davis@sample.dev,self-serve,2023-12-13,0,3,0
75b82dcc1882,Riley Lee,riley.lee@demo.org,self-serve,2024-01-30,5.2,20,0
4773740d95d4,Avery Nguyen,avery.nguyen@example.com,smb,2023-06-10,5.8,24,0
b5154de2005f,Jordan Lee,jordan.lee@demo.org,self-serve,2023-12-05,3.6,4,0
c81d643d2de3,Alex Martin,alex.martin@sample.dev,smb,2023-03-22,4.5,29,0
622e1aeb9c76,Jamie Lopez,jamie.lopez@example.com,self-serve,2024-05-24,3.0,3,0
e83aaf244ec5,Quinn Chen,quinn.chen@demo.org,self-serve,2023-04-04,4.3,0,0
6fab4e25c6b5,Quinn Garcia,quinn.garcia@example.com,smb,2024-04-12,9.8,22,1
c84e334510b1,Jamie Lopez,jamie.lopez@sample.dev,smb,2024-09-26,5.4,15,0
b9fd6cebece6,Jordan Patel,jordan.patel@sample.dev,smb,2023-08-16,9.9,25,0
8f3201a54d9c,Quinn Chen,quinn.chen@demo.org,self-serve,2023-04-19,4.1,6,1
f27734c1290f,Alex Patel,alex.patel@sample.dev,self-serve,2023-07-20,4.8,26,0
5065aefd1f11,Riley Lopez,riley.lopez@example.com,self-serve,2024-02-29,5.7,9,0
ab74fd1491a4,Jamie Lee,jamie.lee@example.com,smb,2024-05-31,9.6,33,0
518b468d9bef,Quinn Martin,quinn.martin@demo.org,smb,2024-05-09,11.1,17,0
c4d512c9c797,Rowan Kim,rowan.kim@sample.dev,smb,2023-05-12,10.3,33,0
7edb98258e5b,Quinn Martin,quinn.martin@sample.dev,self-serve,2024-09-15,5.9,0,0
4695d458d3fe,Casey Lee,casey.lee@sample.dev,smb,2023-05-22,5.4,33,0
e370d368eae4,Quinn Lopez,quinn.lopez@sample.dev,smb,2024-07-20,7.1,20,0
eff02b894f7c,Morgan Kim,morgan.kim@example.com,enterprise,2023-07-02,16.9,79,0
59e986e0042e,Morgan Chen,morgan.chen@demo.org,self-serve,2024-08-07,5.9,0,0
059ac75d75a5,Casey Martin,casey.martin@example.com,smb,2024-06-19,9.5,31,1
ccd1581d7ce4,Riley Brown,riley.brown@example.com,smb,2023-06-14,11.0,23,0
9af435fdcffd,Casey Garcia,casey.garcia@demo.org,smb,2023-02-03,6.6,33,0
54b26f2c3a73,Quinn Garcia,quinn.garcia@demo.org,smb,2024-07-28,6.2,32,0
b29e85344b56,Casey Nguyen,casey.nguyen@demo.org,enterprise,2024-02-01,16.9,88,0
9d074fa56955,Avery Nguyen,avery.nguyen@example.com,smb,2023-07-27,5.5,13,0
7b0bf80e822d,Morgan Davis,morgan.davis@sample.dev,smb,2024-09-09,9.1,40,0
fa9359277864,Taylor Patel,taylor.patel@sample.dev,self-serve,2023-06-27,2.9,0,1
066e63dfb4a7,Quinn Brown,quinn.brown@example.com,self-serve,2024-08-21,3.1,4,0
03149bd8f3b0,Avery Kim,avery.kim@demo.org,enterprise,2024-09-03,24.4,87,0
800fb6ef9b0b,Casey Lee,casey.lee@example.com,smb,2024-07-17,5.8,38,0
b81f0d71fff1,Taylor Chen,taylor.chen@sample.dev,self-serve,2024-06-01,4.3,15,0
51a95eb857d0,Riley Garcia,riley.garcia@demo.org,smb,2023-12-06,7.1,30,0
0ed1ec4b8b8a,Jamie Chen,jamie.chen@demo.org,smb,2023-01-10,9.4,31,0
46b9da729cba,Rowan Davis,rowan.davis@example.com,self-serve,2023-02-10,2.3,0,0
2864ebd30a07,Alex Brown,alex.brown@demo.org,smb,2023-10-17,10.4,26,0
da7612b0321f,Quinn Lee,quinn.lee@example.com,self-serve,2023-10-31,4.0,1,0
921e7b3b1bee,Taylor Chen,taylor.chen@demo.org,smb,2023-03-09,8.7,38,0
73c45dae36ce,Alex Patel,alex.patel@example.com,self-serve,2024-03-21,0.1,0,0
4a7328edb21a,Avery Lee,avery.lee@demo.org,smb,2023-02-08,8.6,26,0
99e9790e474f,Jordan Davis,jordan.davis@sample.dev,smb,2023-09-22,6.2,31,0
8ee380eebd86,Avery Martin,avery.martin@demo.org,smb,2024-07-01,11.2,25,1
6bd82538a25c,Rowan Nguyen,rowan.nguyen@demo.org,smb,2023-03-16,6.5,34,0
a34a01eadfed,Casey Davis,casey.davis@example.com,self-serve,2024-03-24,0.3,17,1
b7032d7cbd84,Quinn Garcia,quinn.garcia@demo.org,self-serve,2024-02-05,4.1,0,0
b01b730f2dc0,Taylor Brown,taylor.brown@example.com,smb,2024-01-18,8.3,24,0
3524fd691ec0,Jordan Nguyen,jordan.nguyen@example.com,self-serve,2024-09-02,1.0,12,1
e3fa16695d98,Morgan Garcia,morgan.garcia@sample.dev,self-serve,2024-06-08,3.8,9,0
d191147c8ce3,Riley Patel,riley.patel@demo.org,self-serve,2024-08-03,5.3,0,0
0ede3a43d6a3,Jamie Chen,jamie.chen@sample.dev,self-serve,2023-03-10,3.0,11,0
e1037bde8225,Morgan Kim,morgan.kim@sample.dev,smb,2023-08-29,10.2,33,0
56c7cd19d880,Jamie Lee,jamie.lee@sample.dev,self-serve,2023-11-10,2.6,0,0
7876032d4fd5,Alex Kim,alex.kim@sample.dev,self-serve,2023-09-10,3.7,0,0
9982904e2824,Morgan Kim,morgan.kim@sample.dev,smb,2023-12-06,9.6,17,0
23838fcd2cc4,Jamie Chen,jamie.chen@demo.org,self-serve,2024-09-13,4.4,8,0
7f3314f98b0e,Riley Brown,riley.brown@demo.org,smb,2023-03-20,7.4,4,0
989c09ee6abd,Avery Davis,avery.davis@demo.org,smb,2024-08-27,8.1,27,0
33e6782b0453,Jamie Kim,jamie.kim@example.com,self-serve,2023-08-17,5.1,0,0
ade7b48d1263,Jamie Chen,jamie.chen@demo.org,smb,2024-02-11,7.8,26,0
39619c1678c2,Taylor Chen,taylor.chen@example.com,self-serve,2023-06-13,5.1,26,0
489d7d674943,Jamie Lopez,jamie.lopez@demo.org,self-serve,2024-05-14,3.2,12,0
010d903e612c,Riley Chen,riley.chen@example.com,enterprise,2024-01-05,16.6,94,0
656611d8a3b2,Morgan Patel,morgan.patel@demo.org,smb,2024-06-17,6.9,19,0
1dab97622775,Quinn Davis,quinn.davis@demo.org,self-serve,2024-01-23,1.1,15,0
77ae9e2f1016,Casey Martin,casey.martin@sample.dev,enterprise,2023-08-17,18.1,79,0
cd333d43cbec,Jamie Davis,jamie.davis@sample.dev,self-serve,2023-05-23,1.7,7,0
6cf6430bdc75,Riley Kim,riley.kim@sample.dev,self-serve,2024-01-06,0.0,0,0
c3b1b79d30e5,Morgan Patel,morgan.patel@sample.dev,self-serve,2024-05-05,0.3,6,0
1940a3291a44,Avery Garcia,avery.garcia@demo.org,self-serve,2024-08-10,2.1,2,0
bc9392b4fa53,Taylor Nguyen,taylor.nguyen@demo.org,self-serve,2023-07-04,1.0,3,0
ab527553c3d0,Avery Brown,avery.brown@example.com,enterprise,2023-08-10,14.0,89,0
47085b655404,Riley Martin,riley.martin@sample.dev,smb,2024-08-19,8.5,19,0
6f91cb7415f0,Taylor Lopez,taylor.lopez@example.com,enterprise,2024-09-02,18.8,76,0
bc1dc8ccebd1,Avery Garcia,avery.garcia@example.com,smb,2024-05-31,6.5,7,0
3b318733d12f,Jamie Davis,jamie.davis@example.com,smb,2024-06-28,7.0,24,0
dffbc35c4201,Rowan Chen,rowan.chen@demo.org,smb,2024-03-17,6.1,23,1
89e72aa5f2f6,Alex Garcia,alex.garcia@demo.org,enterprise,2024-05-08,20.5,70,0
206a5ea4253d,Rowan Patel,rowan.patel@sample.dev,self-serve,2023-09-18,1.6,6,0
dafadda3f3dc,Rowan Chen,rowan.chen@demo.org,self-serve,2023-07-13,6.3,5,1
a9732984f598,Jordan Chen,jordan.chen@example.com,self-serve,2023-07-30,2.3,0,0
edc1b32082aa,Alex Davis,alex.davis@demo.org,self-serve,2024-07-02,1.3,9,0
8402e146653a,Alex Garcia,alex.garcia@sample.dev,self-serve,2024-07-24,1.1,6,0
3e050d84a71e,Casey Davis,casey.davis@demo.org,self-serve,2024-02-12,2.6,0,0
6bdc6549a84e,Riley Lee,riley.lee@demo.org,smb,2023-06-15,9.9,32,0
38cc8b7a11c6,Rowan Nguyen,rowan.nguyen@demo.org,self-serve,2023-01-06,4.2,0,0
011a6e0078ec,Alex Patel,alex.patel@sample.dev,self-serve,2023-08-16,1.1,14,0
b3d1a06c22e9,Rowan Chen,rowan.chen@sample.dev,self-serve,2024-09-03,6.2,11,1
a4f7310ef988,Jamie Nguyen,jamie.nguyen@demo.org,self-serve,2024-06-14,2.9,7,0
09575d490528,Riley Davis,riley.davis@example.com,self-serve,2023-02-06,1.1,16,0
e6402dec340d,Casey Martin,casey.martin@demo.org,self-serve,2024-02-09,1.9,8,1
e1702931196b,Jordan Patel,jordan.patel@sample.dev,smb,2024-07-26,9.6,20,0
62681e3884fa,Riley Davis,riley.davis@sample.dev,enterprise,2024-04-10,22.4,74,0
941e46c83199,Quinn Patel,quinn.patel@sample.dev,smb,2024-05-30,6.7,48,0
faf0bd024431,Quinn Davis,quinn.davis@sample.dev,self-serve,2024-03-29,5.5,2,0
2008ff72e91b,Jamie Lee,jamie.lee@example.com,enterprise,2023-01-29,18.5,80,0
442309a7e158,Riley Lopez,riley.lopez@example.com,self-serve,2023-12-28,2.7,4,0
b9c0e5c15180,Casey Patel,casey.patel@sample.dev,self-serve,2023-12-17,7.1,15,0
112f2f9c54fb,Riley Davis,riley.davis@sample.dev,self-serve,2023-07-14,1.7,5,0
11d3a13f15e5,Riley Garcia,riley.garcia@example.com,self-serve,2023-09-13,4.0,0,0
5b5322bd47a8,Jordan Lee,jordan.lee@sample.dev,smb,2024-07-08,11.7,19,0
9d1e5c70aa5c,Jamie Davis,jamie.davis@sample.dev,enterprise,2024-05-17,21.4,95,0
c560a54b3121,Riley Davis,riley.davis@demo.org,self-serve,2024-06-22,3.7,0,0
834d5eaaf238,Morgan Martin,morgan.martin@sample.dev,enterprise,2023-06-28,19.0,81,0
e668867fc134,Avery Nguyen,avery.nguyen@sample.dev,smb,2024-01-24,6.5,20,0
fa30f7a307ff,Taylor Chen,taylor.chen@sample.dev,self-serve,2023-10-03,0.3,7,0
fa4d7e263d20,Alex Garcia,alex.garcia@demo.org,self-serve,2024-01-17,1.7,12,0
40640949daef,Taylor Davis,taylor.davis@sample.dev,smb,2023-04-13,7.3,7,0
ef05d23226a4,Riley Kim,riley.kim@example.com,smb,2023-06-03,7.7,25,0
47b60b51e03b,Quinn Chen,quinn.chen@sample.dev,smb,2024-05-13,7.2,37,0
f65d0a2a5bc5,Jordan Kim,jordan.kim@sample.dev,self-serve,2023-09-18,0.2,7,0
716ab41d6f2f,Casey Lopez,casey.lopez@example.com,self-serve,2024-07-24,4.4,1,1
2c292757ed81,Morgan Davis,morgan.davis@sample.dev,self-serve,2024-08-12,1.5,0,0
62c1c6e3d132,Morgan Lopez,morgan.lopez@demo.org,smb,2024-05-14,8.3,14,1
e1ddd19bd361,Casey Lee,casey.lee@sample.dev,smb,2023-05-29,9.9,14,0
640ad1b7b206,Rowan Davis,rowan.davis@demo.org,self-serve,2023-03-15,4.6,9,0
c6e4fe0d136a,Casey Brown,casey.brown@sample.dev,smb,2024-02-09,7.7,35,0
224b1411d2b7,Rowan Chen,rowan.chen@example.com,enterprise,2024-02-28,21.9,97,0
f10759e11e1d,Casey Patel,casey.patel@demo.org,self-serve,2024-02-11,3.6,7,0
e2bade40f30f,Avery Nguyen,avery.nguyen@example.com,smb,2024-06-20,8.1,20,0
dae0a09a3c68,Jordan Martin,jordan.martin@demo.org,self-serve,2023-09-11,2.8,0,1
929365cf9a6a,Taylor Nguyen,taylor.nguyen@demo.org,self-serve,2024-01-01,4.1,0,0
a0cf39bf15b5,Casey Chen,casey.chen@demo.org,self-serve,2024-07-06,4.2,17,0
5f73e688a3d6,Rowan Martin,rowan.martin@example.com,smb,2024-06-30,7.3,33,0
b3b0077b031e,Jamie Brown,jamie.brown@example.com,self-serve,2023-09-24,3.2,6,0
eaa445307cea,Morgan Brown,morgan.brown@sample.dev,self-serve,2023-01-09,2.1,0,0
cec83a6ab187,Avery Martin,avery.martin@sample.dev,smb,2024-09-03,8.0,26,0
7e886b32d03e,Quinn Martin,quinn.martin@example.com,self-serve,2023-06-17,2.4,0,0
fc28d6879452,Casey Patel,casey.patel@demo.org,self-serve,2023-09-03,0,3,0
7970baf366d3,Casey Brown,casey.brown@example.com,smb,2024-06-28,8.7,15,0
2f7fada617f8,Taylor Brown,taylor.brown@example.com,self-serve,2024-04-11,1.8,0,0
6662e3fe378d,Morgan Nguyen,morgan.nguyen@example.com,self-serve,2024-07-01,8.3,8,0
ad4f8775d481,Jamie Nguyen,jamie.nguyen@sample.dev,self-serve,2023-06-04,4.4,5,0
33104c0363e3,Morgan Lee,morgan.lee@example.com,smb,2023-02-02,6.1,41,0
801315fc9afc,Casey Martin,casey.martin@sample.dev,self-serve,2024-04-26,4.8,24,0
4ccd5ad9c90f,Avery Patel,avery.patel@example.com,enterprise,2023-09-12,15.9,97,0
fedaf30dec81,Riley Lee,riley.lee@demo.org,smb,2023-04-07,2.4,21,0
aff37fdf02c5,Casey Lopez,casey.lopez@sample.dev,self-serve,2023-02-13,2.9,0,1
0cf97516bade,Casey Garcia,casey.garcia@demo.org,self-serve,2023-02-23,3.9,0,1
e95975699090,Alex Lopez,alex.lopez@example.com,self-serve,2023-10-10,1.3,0,0
7d8078f41fd8,Rowan Lee,rowan.lee@example.com,smb,2023-06-08,7.4,28,0
244b6b99de95,Rowan Lopez,rowan.lopez@demo.org,enterprise,2024-10-02,21.7,83,0
8a73cda725af,Jordan Kim,jordan.kim@sample.dev,self-serve,2023-11-21,6.5,2,0
be1821d75dbe,Riley Nguyen,riley.nguyen@demo.org,smb,2024-01-02,7.8,17,1
8c8062f49f7c,Jamie Chen,jamie.chen@demo.org,self-serve,2024-05-16,3.5,10,0
4f7a237fe81c,Jamie Brown,jamie.brown@example.com,enterprise,2024-09-05,22.2,73,0
fbdec324b764,Jamie Brown,jamie.brown@sample.dev,smb,2024-07-08,7.9,25,0
b375dc9df966,Taylor Nguyen,taylor.nguyen@demo.org,smb,2024-01-08,8.2,17,0
29da2150a38f,Quinn Martin,quinn.martin@sample.dev,self-serve,2024-05-24,3.1,0,0
71abd71e5350,Morgan Patel,morgan.patel@example.com,self-serve,2023-03-10,7.5,11,1
58add4e0efa2,Riley Patel,riley.patel@sample.dev,self-serve,2023-04-12,5.8,7,0
9be4d3d5fee3,Quinn Davis,quinn.davis@example.com,smb,2023-09-20,9.3,27,0
e55c2efff988,Riley Lee,riley.lee@demo.org,enterprise,2023-03-23,17.2,82,0
1b22224de7d5,Alex Lopez,alex.lopez@example.com,smb,2023-03-01,8.7,17,1
aa7677a0950b,Casey Patel,casey.patel@example.com,enterprise,2024-06-15,22.6,89,0
2d13e1437334,Riley Chen,riley.chen@sample.dev,smb,2024-08-06,7.1,20,0
941fabc7fe76,Jordan Davis,jordan.davis@example.com,self-serve,2024-04-14,2.4,0,1
e3e00e477d10,Quinn Martin,quinn.martin@sample.dev,smb,2023-06-11,5.4,22,0
30b0bed43f1c,Quinn Lopez,quinn.lopez@demo.org,smb,2024-02-27,8.2,14,0
3c6b4a695d58,Riley Davis,riley.davis@sample.dev,smb,2024-01-20,8.4,2,0
adaa30a244a6,Jamie Martin,jamie.martin@sample.dev,self-serve,2023-02-05,5.7,3,0
540123149635,Avery Brown,avery.brown@demo.org,enterprise,2023-08-08,20.3,78,0
a431fc2d8252,Casey Chen,casey.chen@sample.dev,smb,2024-08-07,9.0,22,1
2dba43f7edc0,Taylor Kim,taylor.kim@demo.org,self-serve,2024-08-19,3.0,12,0
7fc10c8cf275,Alex Davis,alex.davis@demo.org,enterprise,2023-03-21,19.4,62,0
b2bceb966d92,Rowan Patel,rowan.patel@example.com,smb,2023-11-04,11.5,29,0
41b6cdf49cdf,Morgan Lopez,morgan.lopez@example.com,enterprise,2024-03-20,16.5,90,0
6bfefb657b95,Rowan Nguyen,rowan.nguyen@demo.org,smb,2024-01-27,10.3,29,0
307b175a8893,Taylor Lopez,taylor.lopez@sample.dev,smb,2023-08-15,9.7,37,0
9d903fc733c3,Rowan Davis,rowan.davis@sample.dev,smb,2023-08-16,4.8,32,0
67aac4919fc8,Jordan Lee,jordan.lee@sample.dev,smb,2023-02-20,6.5,22,0
11564428d9b5,Taylor Kim,taylor.kim@demo.org,self-serve,2023-07-22,0.1,6,0
e90e5ad45803,Quinn Garcia,quinn.garcia@example.com,self-serve,2023-09-30,3.3,0,0
43e831b83ed7,Jordan Martin,jordan.martin@sample.dev,self-serve,2023-12-23,3.7,13,0
5b1b4c4db71b,Taylor Lopez,taylor.lopez@example.com,smb,2024-03-28,6.5,17,0
80910d55020b,Riley Lopez,riley.lopez@example.com,self-serve,2023-03-29,3.5,7,0
406e13b1c275,Casey Nguyen,casey.nguyen@demo.org,self-serve,2023-04-24,2.2,15,0
55bde9d517c7,Quinn Garcia,quinn.garcia@example.com,self-serve,2024-06-19,3.0,0,0
e9df8e810362,Avery Martin,avery.martin@demo.org,smb,2024-06-23,9.2,26,0
cc4ae5adaa56,Rowan Brown,rowan.brown@demo.org,self-serve,2023-01-09,5.7,10,0
9c3c8b64cfdc,Morgan Patel,morgan.patel@example.com,self-serve,2024-01-31,3.2,14,0
550c58f0c1ef,Morgan Lee,morgan.lee@demo.org,enterprise,2024-06-28,21.1,83,0
e2b2333917d3,Avery Nguyen,avery.nguyen@example.com,self-serve,2024-06-26,2.2,15,0
f7d5b39d2c0e,Morgan Lopez,morgan.lopez@example.com,self-serve,2023-11-06,3.5,32,0
997c0e20f43a,Casey Martin,casey.martin@sample.dev,enterprise,2023-01-31,24.6,71,0
a3cc7040b14a,Alex Kim,alex.kim@demo.org,self-serve,2024-01-27,0.0,3,0
e33524a28f22,Riley Martin,riley.martin@sample.dev,self-serve,2023-06-06,1.5,8,0
7df5ee6de4b3,Quinn Kim,quinn.kim@example.com,self-serve,2023-05-22,0.3,0,0
290efb9aca64,Casey Chen,casey.chen@demo.org,enterprise,2024-03-16,25.5,79,0
d9667bc0218d,Taylor Lopez,taylor.lopez@example.com,self-serve,2024-06-29,4.0,3,0
b74017c31bfe,Avery Lopez,avery.lopez@demo.org,enterprise,2024-02-28,21.7,77,0
c6dab72b8f66,Casey Kim,casey.kim@demo.org,smb,2023-04-20,8.3,26,0
fbcdce9fe5b8,Casey Davis,casey.davis@example.com,smb,2023-08-25,6.8,20,1
2ff04893dcd8,Jamie Kim,jamie.kim@sample.dev,smb,2024-09-11,5.2,27,0
2bf6c76f7691,Jamie Lee,jamie.lee@sample.dev,self-serve,2023-07-17,3.3,15,0
2050fb833d4c,Alex Garcia,alex.garcia@sample.dev,smb,2023-07-27,8.0,21,0
bfc567e272d6,Rowan Lee,rowan.lee@demo.org,smb,2024-04-13,9.6,18,0
4630e8dbb314,Alex Lopez,alex.lopez@example.com,self-serve,2024-08-08,1.0,0,0
61f510088a8a,Quinn Patel,quinn.patel@demo.org,self-serve,2023-02-13,4.1,0,0
56922f75ee11,Avery Chen,avery.chen@sample.dev,self-serve,2023-02-20,3.8,15,0
2823e9659184,Jamie Kim,jamie.kim@sample.dev,self-serve,2024-09-19,5.7,0,0
7aba436d9203,Jamie Patel,jamie.patel@demo.org,smb,2023-04-26,9.1,36,0
4457bab8c691,Taylor Martin,taylor.martin@example.com,self-serve,2024-04-06,5.2,6,0
b8b248dcd9fa,Jamie Patel,jamie.patel@sample.dev,self-serve,2023-06-17,2.8,0,1
a5ae88dd9f27,Morgan Patel,morgan.patel@example.com,smb,2024-01-29,7.2,0,0
4f01112b795c,Alex Chen,alex.chen@example.com,self-serve,2023-06-24,5.2,0,0
d155b648b383,Taylor Kim,taylor.kim@sample.dev,self-serve,2023-02-22,1.5,9,0
9b1362cd9856,Casey Kim,casey.kim@example.com,self-serve,2023-05-15,3.2,4,0
6a0a9cfbff9d,Jamie Lee,jamie.lee@example.com,enterprise,2024-07-10,21.0,67,0
f7e352f90c98,Rowan Lee,rowan.lee@demo.org,self-serve,2024-03-28,5.4,11,0
a7c062065ea5,Casey Davis,casey.davis@example.com,smb,2023-08-01,9.1,26,0
205a0da8630b,Taylor Nguyen,taylor.nguyen@sample.dev,smb,2024-09-09,6.7,46,1
79f0bcc27221,Taylor Kim,taylor.kim@demo.org,smb,2024-09-17,6.4,11,0
d5d6da6165fe,Taylor Lee,taylor.lee@sample.dev,smb,2024-01-04,8.8,23,0
e3252028ecf2,Alex Patel,alex.patel@sample.dev,smb,2024-07-17,10.1,29,0
7a67aeecad8b,Morgan Chen,morgan.chen@demo.org,self-serve,2023-08-03,2.1,0,1
1eaf504a9c90,Quinn Patel,quinn.patel@demo.org,self-serve,2024-09-11,8.4,0,0
3030ac504100,Morgan Brown,morgan.brown@demo.org,smb,2024-09-30,7.4,29,0
8d71419ff0c7,Jamie Lee,jamie.lee@example.com,smb,2024-09-16,8.2,33,0
131f33c8c53f,Avery Lee,avery.lee@sample.dev,smb,2023-05-01,7.9,18,0
5fe40b3090b3,Alex Nguyen,alex.nguyen@demo.org,self-serve,2024-07-27,3.5,0,0
e3969364f853,Casey Brown,casey.brown@example.com,smb,2023-11-12,7.2,37,0
702fc3b0742c,Morgan Lopez,morgan.lopez@sample.dev,self-serve,2024-08-05,2.6,3,1
c5e9f8f5829b,Morgan Lee,morgan.lee@demo.org,enterprise,2023-02-06,18.6,70,0
20fa92410ea6,Morgan Lee,morgan.lee@demo.org,smb,2024-02-28,8.6,23,0
f1335391701a,Morgan Chen,morgan.chen@sample.dev,smb,2023-08-02,6.4,20,0
eeb784e16484,Jordan Kim,jordan.kim@example.com,self-serve,2023-02-01,2.0,13,0
0ff2d2a16691,Rowan Davis,rowan.davis@sample.dev,self-serve,2024-09-01,5.6,16,0
f4067c3d02da,Avery Brown,avery.brown@sample.dev,self-serve,2024-05-23,4.4,0,0
401b316e5037,Riley Chen,riley.chen@example.com,self-serve,2023-04-25,2.6,6,0
6ee1f4de361d,Jamie Chen,jamie.chen@sample.dev,self-serve,2024-05-09,4.0,1,0
b276000d6a02,Quinn Brown,quinn.brown@demo.org,smb,2023-05-27,8.1,20,0
352ab6dcf69e,Taylor Garcia,taylor.garcia@sample.dev,smb,2024-04-15,5.0,37,0
faabfb103899,Avery Davis,avery.davis@demo.org,enterprise,2023-12-08,19.4,80,0
6decfc00664f,Casey Nguyen,casey.nguyen@sample.dev,smb,2023-11-16,7.1,19,0
799dd2247603,Casey Chen,casey.chen@example.com,self-serve,2024-03-27,2.2,0,1
0f265ded9720,Avery Davis,avery.davis@example.com,smb,2023-04-15,8.5,33,0
fa0ba9f4fa13,Casey Davis,casey.davis@example.com,self-serve,2023-03-14,1.4,24,0
790f17663807,Taylor Nguyen,taylor.nguyen@example.com,self-serve,2023-02-21,3.5,7,0
543e32075917,Rowan Davis,rowan.davis@demo.org,smb,2024-04-01,6.7,19,0
cea174404f9f,Quinn Patel,quinn.patel@demo.org,enterprise,2024-04-21,19.2,78,0
1abf66494f3a,Jamie Patel,jamie.patel@demo.org,self-serve,2024-04-21,0,9,1
f67474aa9300,Casey Lopez,casey.lopez@example.com,self-serve,2023-12-05,4.0,0,0
f8629d3eed9c,Jordan Lee,jordan.lee@demo.org,self-serve,2024-05-05,1.8,6,0
b92e46dd965c,Rowan Kim,rowan.kim@demo.org,smb,2024-02-20,9.5,8,0
5ba8f852b59b,Jordan Brown,jordan.brown@example.com,smb,2024-02-15,6.8,21,0
0e3641586a82,Jamie Martin,jamie.martin@sample.dev,self-serve,2023-08-02,4.0,0,0
3e1cb7038216,Rowan Lopez,rowan.lopez@demo.org,smb,2023-08-30,9.4,38,0
489bb1f3beb7,Rowan Lee,rowan.lee@example.com,self-serve,2024-09-02,0.5,7,0
bc51e0094d06,Casey Martin,casey.martin@sample.dev,self-serve,2023-04-22,1.9,0,0
e3f6ab936685,Jamie Nguyen,jamie.nguyen@example.com,self-serve,2023-05-23,6.3,0,0
012104c8f987,Taylor Kim,taylor.kim@demo.org,self-serve,2023-10-26,1.0,13,0
2fe60beec37a,Morgan Brown,morgan.brown@sample.dev,smb,2023-11-08,12.1,13,0
1d3b434e7333,Jordan Davis,jordan.davis@sample.dev,self-serve,2024-06-06,2.1,7,0
16f8110d46ce,Quinn Nguyen,quinn.nguyen@example.com,self-serve,2024-07-27,3.8,0,0
162288ec1289,Riley Martin,riley.martin@sample.dev,smb,2024-02-08,5.8,13,0
cf75a482e39b,Quinn Garcia,quinn.garcia@sample.dev,smb,2024-05-01,9.6,34,0
d80173a6e19e,Alex Kim,alex.kim@demo.org,self-serve,2023-05-09,3.5,7,1
efdba0f12b5a,Jamie Martin,jamie.martin@sample.dev,enterprise,2023-05-20,22.5,87,0
514a06620689,Rowan Martin,rowan.martin@sample.dev,smb,2024-04-10,5.5,24,0
c08efd94a371,Riley Kim,riley.kim@demo.org,self-serve,2023-01-08,0,0,0
4220fd0a1414,Casey Martin,casey.martin@demo.org,enterprise,2024-08-13,16.3,100,0
916cf86fb177,Morgan Patel,morgan.patel@sample.dev,smb,2023-03-23,10.0,37,0
553f9156e129,Jamie Chen,jamie.chen@demo.org,self-serve,2024-09-16,4.9,10,0
ef410aaf5b19,Jordan Chen,jordan.chen@example.com,smb,2023-11-16,4.7,10,0
25c439cc223f,Jamie Lee,jamie.lee@sample.dev,smb,2024-04-25,6.4,20,0
8d75c3831a9a,Casey Kim,casey.kim@example.com,self-serve,2024-09-03,3.0,0,0
e5d1aeb731ee,Jamie Davis,jamie.davis@example.com,self-serve,2023-02-22,2.1,0,0
fb55cc9abdd2,Casey Lee,casey.lee@demo.org,self-serve,2024-06-01,6.1,13,0
77a8474ff1d1,Casey Brown,casey.brown@demo.org,enterprise,2023-01-15,19.9,66,0
d92b6e7a0038,Taylor Lee,taylor.lee@demo.org,self-serve,2023-06-29,2.8,20,0
4e688ea8e8d6,Avery Lopez,avery.lopez@sample.dev,enterprise,2023-05-29,16.9,69,0
39ab01a165b4,Alex Garcia,alex.garcia@demo.org,smb,2023-06-21,8.8,40,0
4248fef3d4eb,Casey Patel,casey.patel@demo.org,self-serve,2024-04-20,1.6,10,0
8fb8b216dcd3,Riley Martin,riley.martin@example.com,smb,2024-02-04,6.9,25,0
17d50cb942bd,Casey Lee,casey.lee@demo.org,self-serve,2023-11-20,5.9,1,1
26d35036f226,Morgan Martin,morgan.martin@demo.org,smb,2023-10-07,7.2,31,1
6897d92c92a6,Rowan Martin,rowan.martin@sample.dev,self-serve,2023-09-05,2.7,0,0
5da5a1c6bc43,Taylor Lopez,taylor.lopez@example.com,smb,2023-01-09,8.2,23,1
e39f6d70f59a,Jamie Lopez,jamie.lopez@example.com,self-serve,2023-10-18,3.0,7,0
8cfd8716010e,Rowan Garcia,rowan.garcia@example.com,enterprise,2023-05-05,19.7,75,0
ffe370d9a402,Alex Davis,alex.davis@sample.dev,smb,2023-07-09,10.4,15,0
3a1d5c8dc8c6,Jordan Lee,jordan.lee@sample.dev,enterprise,2023-10-11,20.4,64,0
f60d918c0eb1,Casey Kim,casey.kim@example.com,smb,2023-10-11,8.3,15,0
7627d25946e1,Casey Brown,casey.brown@example.com,self-serve,2023-03-13,0,6,0
ea31087235d2,Jamie Patel,jamie.patel@demo.org,self-serve,2024-03-17,3.6,19,0
aa1b7505f541,Casey Patel,casey.patel@sample.dev,self-serve,2023-03-14,1.6,1,0
074f033c72c1,Taylor Nguyen,taylor.nguyen@demo.org,enterprise,2024-02-04,19.7,95,0
b42f0532de08,Avery Chen,avery.chen@example.com,smb,2024-05-17,6.0,26,0
5841a3741cdf,Quinn Garcia,quinn.garcia@sample.dev,self-serve,2024-05-08,4.8,13,0
e0657beaee5b,Casey Martin,casey.martin@sample.dev,self-serve,2023-04-03,0.4,19,0
217f8b000e7b,Casey Garcia,casey.garcia@sample.dev,self-serve,2023-02-10,5.9,2,0
b90f94c9c800,Jordan Lopez,jordan.lopez@demo.org,self-serve,2024-03-24,2.9,0,0
d64612ba892e,Rowan Garcia,rowan.garcia@sample.dev,self-serve,2023-03-06,3.8,0,0
0d50f74dc22f,Avery Nguyen,avery.nguyen@demo.org,self-serve,2023-12-12,3.1,2,1
ad61a727649e,Quinn Lee,quinn.lee@example.com,enterprise,2024-07-03,21.6,90,0
ed553f5bd349,Taylor Lee,taylor.lee@demo.org,smb,2024-04-27,10.3,17,0
790f17663807,Taylor Nguyen,taylor.nguyen@demo.org,self-serve,2023-02-21,6.1,0,1
a32f80408ec8,Taylor Davis,taylor.davis@example.com,self-serve,2023-04-19,5.0,13,0
1f9726ebffd0,Riley Martin,riley.martin@example.com,self-serve,2024-02-16,0.5,29,0
d434881e2001,Morgan Garcia,morgan.garcia@sample.dev,smb,2024-08-30,8.3,28,0
d9799f372fb9,Taylor Lopez,taylor.lopez@demo.org,smb,2024-03-25,8.1,38,0
8da932df0a77,Rowan Martin,rowan.martin@example.com,smb,2023-01-17,8.6,22,1
d1d9f46eba02,Rowan Brown,rowan.brown@demo.org,self-serve,2024-05-02,2.5,0,0
dc9a520cc67f,Jamie Martin,jamie.martin@sample.dev,self-serve,2023-06-28,2.6,3,0
3b72af6834e9,Rowan Patel,rowan.patel@example.com,smb,2023-11-05,7.9,25,0
04c431bc9f07,Quinn Patel,quinn.patel@example.com,smb,2024-07-06,5.8,24,0
dbaa70b81103,Casey Nguyen,casey.nguyen@example.com,self-serve,2023-06-02,0.9,0,0
b375dc9df966,Taylor Nguyen,taylor.nguyen@sample.dev,self-serve,2024-01-08,2.5,15,0
1af94e2c5e67,Avery Patel,avery.patel@example.com,smb,2024-07-04,9.6,40,0
12c97ccc048b,Jordan Garcia,jordan.garcia@sample.dev,smb,2024-08-29,6.2,19,0
a082750c679d,Riley Patel,riley.patel@example.com,self-serve,2023-04-11,3.2,15,0
a7c1c97599b6,Jordan Lee,jordan.lee@sample.dev,smb,2023-02-25,8.9,21,0
93f246033a3f,Taylor Martin,taylor.martin@example.com,self-serve,2024-04-13,2.5,0,0
3143a0a18e1e,Morgan Kim,morgan.kim@sample.dev,self-serve,2024-08-05,4.0,6,0
6da0c98f75e5,Alex Kim,alex.kim@demo.org,smb,2023-08-14,10.1,16,0
ac5959651ed1,Rowan Kim,rowan.kim@sample.dev,smb,2024-07-20,8.5,21,0
b55b36002183,Riley Davis,riley.davis@example.com,self-serve,2024-04-18,2.4,20,0
b9223d4ed21f,Riley Lopez,riley.lopez@demo.org,self-serve,2023-08-16,5.1,0,1
549b7859bd1a,Avery Martin,avery.martin@sample.dev,enterprise,2023-02-11,23.2,79,0
984ca14ebab4,Quinn Martin,quinn.martin@example.com,self-serve,2023-04-11,1.6,7,0
79ff2a8b0044,Alex Garcia,alex.garcia@demo.org,self-serve,2023-10-30,3.5,41,1
e43aed8790f9,Casey Kim,casey.kim@example.com,smb,2024-08-07,8.0,22,0
889ed9034a93,Alex Kim,alex.kim@demo.org,smb,2024-01-15,5.8,13,1
acbe5bea04e0,Jordan Martin,jordan.martin@demo.org,enterprise,2023-12-07,18.4,78,0
de4d94993d3d,Rowan Chen,rowan.chen@demo.org,smb,2023-08-01,8.2,21,0
e4ebe7b48995,Avery Chen,avery.chen@demo.org,enterprise,2024-01-08,20.7,76,0
bb16acb3bebc,Avery Lopez,avery.lopez@example.com,self-serve,2024-07-26,2.3,0,0
bae10d4bf324,Morgan Garcia,morgan.garcia@demo.org,smb,2024-05-04,7.7,8,0
b5b6583f961d,Riley Garcia,riley.garcia@sample.dev,self-serve,2023-10-01,0.9,4,1
14b9c9ca73ad,Morgan Lee,morgan.lee@demo.org,self-serve,2024-06-23,4.1,0,0
53320b8f52ba,Casey Lee,casey.lee@sample.dev,smb,2023-03-09,9.6,44,1
db500056dbc8,Taylor Brown,taylor.brown@sample.dev,enterprise,2023-03-20,21.2,85,0
ea7054b5f460,Taylor Garcia,taylor.garcia@example.com,smb,2023-01-24,6.6,50,0
b7edabdd75ea,Jamie Lopez,jamie.lopez@example.com,self-serve,2023-01-22,2.8,8,0
3f330a83647d,Quinn Lopez,quinn.lopez@demo.org,self-serve,2023-12-18,1.0,0,0
4f4c72d66331,Quinn Chen,quinn.chen@sample.dev,self-serve,2023-11-08,0,0,0
1ba939ce988b,Riley Lee,riley.lee@sample.dev,self-serve,2023-10-23,3.1,1,0
7df3c4a5e21e,Taylor Davis,taylor.davis@demo.org,enterprise,2024-07-02,18.8,106,0
9991658416a9,Taylor Kim,taylor.kim@sample.dev,self-serve,2023-02-12,5.6,4,0
f00e045487a2,Taylor Garcia,taylor.garcia@sample.dev,smb,2023-02-05,5.2,1,0
571791e2ba20,Quinn Kim,quinn.kim@example.com,smb,2023-05-05,9.8,20,0
8a8125e371ce,Jamie Lopez,jamie.lopez@sample.dev,self-serve,2024-07-13,4.8,3,0
1eb98031abf0,Casey Davis,casey.davis@example.com,smb,2024-08-01,7.4,2,0
3b2bdd085bdd,Jamie Nguyen,jamie.nguyen@example.com,self-serve,2024-07-18,3.3,6,0
1188a7548f98,Jamie Lopez,jamie.lopez@sample.dev,self-serve,2023-02-26,2.0,0,0
430a2742b2fd,Riley Nguyen,riley.nguyen@sample.dev,self-serve,2024-04-01,0.8,0,0
0d08cf1384ae,Riley Lee,riley.lee@sample.dev,self-serve,2024-09-11,2.3,4,0
804944cfb599,Taylor Martin,taylor.martin@sample.dev,self-serve,2024-01-17,4.8,5,0
dcbbdd6eb017,Quinn Patel,quinn.patel@example.com,self-serve,2024-03-30,2.9,0,0
4c64f78c5f2f,Alex Martin,alex.martin@demo.org,self-serve,2024-08-24,2.1,1,0
923b6ff10265,Morgan Patel,morgan.patel@sample.dev,enterprise,2024-08-27,20.0,75,0
e04f9da3976f,Alex Kim,alex.kim@sample.dev,smb,2024-08-04,8.0,19,0
582efaecb998,Casey Chen,casey.chen@sample.dev,self-serve,2023-11-06,3.9,0,0
39441621c6d7,Riley Nguyen,riley.nguyen@sample.dev,smb,2023-06-07,7.6,49,0
6fb9fc511390,Jordan Brown,jordan.brown@sample.dev,self-serve,2024-05-18,5.4,0,1
97f007e3c007,Jamie Patel,jamie.patel@demo.org,smb,2024-01-06,5.7,18,0
5cca555811cf,Jamie Patel,jamie.patel@example.com,self-serve,2024-08-12,4.5,5,0
175f46abfdad,Morgan Lee,morgan.lee@demo.org,enterprise,2023-05-19,19.6,82,0
028526e71abd,Morgan Nguyen,morgan.nguyen@demo.org,self-serve,2024-06-26,2.5,1,0
a5790d278c9c,Taylor Patel,taylor.patel@demo.org,smb,2023-06-21,4.1,19,0
dab5255c40e5,Casey Brown,casey.brown@example.com,smb,2024-01-07,10.2,32,0
1e7659437b52,Taylor Chen,taylor.chen@example.com,self-serve,2024-05-11,0,16,1
9e604c563ff8,Taylor Chen,taylor.chen@demo.org,self-serve,2023-07-12,3.7,0,0
30b8c91884b1,Quinn Chen,quinn.chen@example.com,smb,2023-04-27,4.1,36,0
026b6479c2f6,Avery Lee,avery.lee@demo.org,self-serve,2024-01-07,4.4,13,0
4bde5520f9ea,Morgan Kim,morgan.kim@demo.org,smb,2023-01-30,8.0,19,0
5680f6d8a6f6,Taylor Garcia,taylor.garcia@example.com,self-serve,2023-08-03,3.6,7,0
f8953aad6d72,Jordan Nguyen,jordan.nguyen@demo.org,smb,2024-03-17,8.9,26,0
68f9079220fa,Rowan Nguyen,rowan.nguyen@example.com,self-serve,2023-09-17,4.6,7,1
f1c14b580970,Jordan Davis,jordan.davis@demo.org,self-serve,2023-07-24,3.7,13,1
21658eaae738,Casey Davis,casey.davis@demo.org,self-serve,2023-06-14,5.1,0,0
bebe43759c73,Rowan Patel,rowan.patel@sample.dev,self-serve,2024-08-15,3.2,0,0
dade57144cd0,Taylor Chen,taylor.chen@sample.dev,self-serve,2023-04-12,7.0,0,0
5b3397fe85cc,Morgan Davis,morgan.davis@example.com,self-serve,2023-04-20,3.8,13,0
a37418e32ffe,Quinn Garcia,quinn.garcia@sample.dev,self-serve,2023-11-18,3.7,8,1
61232c8fa4ea,Casey Chen,casey.chen@demo.org,smb,2023-03-26,7.5,29,0
efeeda947c1c,Casey Lee,casey.lee@example.com,self-serve,2024-02-22,2.0,24,0
cffa35cefb4a,Jamie Lopez,jamie.lopez@demo.org,self-serve,2024-05-18,2.1,0,0
817da1aa3192,Jordan Patel,jordan.patel@example.com,self-serve,2024-02-15,1.1,0,0
9e4288227245,Jordan Lopez,jordan.lopez@example.com,enterprise,2023-12-13,21.2,98,0
d943876a2a29,Alex Lee,alex.lee@sample.dev,self-serve,2024-08-18,0.2,0,0
935d65e1945c,Morgan Lee,morgan.lee@sample.dev,smb,2024-02-19,10.4,24,0
2de55edd6b9d,Jordan Patel,jordan.patel@demo.org,self-serve,2024-05-24,3.6,28,1
dccda008f847,Avery Patel,avery.patel@example.com,self-serve,2023-01-28,4.9,3,0
f7e6433ca54f,Casey Davis,casey.davis@sample.dev,smb,2023-03-20,6.7,14,0
facfcdbf8304,Riley Brown,riley.brown@demo.org,smb,2024-05-17,5.5,24,0
699bd529598b,Quinn Nguyen,quinn.nguyen@sample.dev,enterprise,2023-02-02,24.1,78,0
43916928cd8c,Morgan Martin,morgan.martin@sample.dev,self-serve,2023-02-06,5.5,7,0
fced8a48de38,Taylor Lee,taylor.lee@demo.org,self-serve,2023-11-16,2.5,0,1
e3748dc143a1,Jamie Chen,jamie.chen@example.com,smb,2024-08-08,5.5,27,0
8570600da2d4,Alex Brown,alex.brown@sample.dev,self-serve,2024-01-22,1.6,0,0
b6deb1bce388,Avery Nguyen,avery.nguyen@example.com,smb,2023-05-12,9.0,17,0
f6a5394ca4ae,Morgan Martin,morgan.martin@example.com,self-serve,2023-12-20,5.1,4,1
ab160e081c66,Riley Garcia,riley.garcia@example.com,smb,2024-08-29,10.6,32,0
3674e9bc2fba,Morgan Kim,morgan.kim@demo.org,self-serve,2023-11-30,5.8,8,0
5c1348e0c4ee,Alex Brown,alex.brown@sample.dev,self-serve,2024-04-25,0,0,0
82240fb5db7a,Morgan Davis,morgan.davis@demo.org,self-serve,2024-05-15,5.4,13,0
f118d3709338,Morgan Kim,morgan.kim@example.com,smb,2024-01-08,9.3,23,0
56ffef0ea6d0,Quinn Garcia,quinn.garcia@demo.org,self-serve,2023-02-18,2.2,17,0
0b3baee58522,Jordan Davis,jordan.davis@sample.dev,self-serve,2023-12-11,2.6,17,0
a4232e309116,Riley Lopez,riley.lopez@sample.dev,smb,2023-11-06,6.3,24,0
ff22a68754ab,Riley Martin,riley.martin@example.com,self-serve,2024-10-01,0.0,3,0
d365d4a07ce7,Quinn Kim,quinn.kim@sample.dev,smb,2023-08-07,6.0,9,0
01062f62fd28,Quinn Davis,quinn.davis@example.com,enterprise,2024-03-20,23.0,73,1
50f06f001846,Morgan Lee,morgan.lee@sample.dev,self-serve,2023-06-04,2.9,0,0
02494228f911,Morgan Patel,morgan.patel@demo.org,smb,2024-02-27,7.8,33,0
878d08143e97,Rowan Garcia,rowan.garcia@sample.dev,self-serve,2023-04-27,3.3,6,0
171314fe3788,Jamie Lee,jamie.lee@sample.dev,smb,2024-03-22,4.2,35,0
c9fcb675fcf9,Taylor Nguyen,taylor.nguyen@demo.org,self-serve,2023-10-12,2.3,0,0
688a7fe7e57a,Jamie Nguyen,jamie.nguyen@sample.dev,self-serve,2023-03-27,2.3,12,1
6d66c6b06be0,Morgan Patel,morgan.patel@example.com,self-serve,2023-05-24,3.2,17,0
00f8c4e1e057,Quinn Davis,quinn.davis@example.com,enterprise,2024-06-21,20.0,100,0
b3a7a2ec2fd1,Morgan Lopez,morgan.lopez@example.com,smb,2024-02-04,9.1,9,0
9059e807a055,Taylor Patel,taylor.patel@sample.dev,self-serve,2023-10-09,1.6,7,0
177317bf812d,Quinn Lopez,quinn.lopez@sample.dev,smb,2023-04-26,7.1,34,0
c82fdecc2d3f,Taylor Lopez,taylor.lopez@demo.org,self-serve,2024-01-12,3.2,3,0
4516188f3b37,Avery Nguyen,avery.nguyen@demo.org,smb,2023-09-03,8.0,34,0
abfc7cc1a9e7,Morgan Patel,morgan.patel@sample.dev,smb,2023-08-31,9.2,17,0
45374ed4736a,Casey Brown,casey.brown@sample.dev,self-serve,2023-08-30,1.8,23,1
de48d5fbd9b3,Morgan Martin,morgan.martin@sample.dev,smb,2023-10-08,10.5,11,0
87798cad4c10,Alex Lopez,alex.lopez@sample.dev,smb,2023-04-13,9.4,11,0
117c1e50124b,Alex Davis,alex.davis@example.com,smb,2024-07-14,7.8,14,1
007240d76c2c,Taylor Lee,taylor.lee@demo.org,smb,2023-05-20,9.3,25,0
63c25f3c8a7f,Jordan Patel,jordan.patel@example.com,self-serve,2024-06-12,2.2,0,0
7121f2f8ad48,Rowan Martin,rowan.martin@example.com,smb,2023-11-24,4.1,31,0
04bc0a561c15,Rowan Lopez,rowan.lopez@sample.dev,smb,2023-07-23,9.7,29,0
867121eb4312,Rowan Garcia,rowan.garcia@example.com,self-serve,2023-01-24,5.6,0,0
f952a116c068,Jamie Garcia,jamie.garcia@example.com,self-serve,2023-06-22,5.6,9,0
947454c8eeb6,Jordan Lopez,jordan.lopez@sample.dev,self-serve,2024-08-03,5.4,15,0
b0e44197b07c,Jamie Patel,jamie.patel@sample.dev,self-serve,2023-07-28,4.5,23,0
9ede494cc0ec,Jamie Martin,jamie.martin@demo.org,self-serve,2023-07-31,0,0,0
1c3776a17973,Riley Martin,riley.martin@sample.dev,self-serve,2023-05-30,8.4,9,0
21ded5b277b0,Riley Lopez,riley.lopez@demo.org,smb,2024-04-14,9.9,30,0
78676ab6f831,Alex Garcia,alex.garcia@example.com,smb,2024-03-09,7.9,17,1
988de16bf071,Avery Lopez,avery.lopez@demo.org,enterprise,2024-04-27,25.7,61,0
62b8dff9d771,Avery Nguyen,avery.nguyen@example.com,self-serve,2024-09-26,0,23,0
784afc285a9f,Quinn Nguyen,quinn.nguyen@sample.dev,smb,2023-09-24,9.1,35,0
6e9753490ea2,Taylor Patel,taylor.patel@example.com,self-serve,2024-06-27,1.6,8,0
94d5719c4aee,Jamie Brown,jamie.brown@sample.dev,smb,2024-03-16,7.2,45,0
8dc1ea298da4,Quinn Lopez,quinn.lopez@example.com,self-serve,2023-06-18,0.4,34,0
98b303e130ae,Quinn Lee,quinn.lee@example.com,self-serve,2023-06-02,4.2,7,0
5e668a2e8b0a,Jamie Martin,jamie.martin@sample.dev,self-serve,2024-05-21,4.8,7,0
16e862d147fe,Jamie Lee,jamie.lee@example.com,self-serve,2023-06-01,3.6,8,0
56544289bfbb,Taylor Chen,taylor.chen@example.com,smb,2024-07-30,10.1,16,0
3e4f94e82d18,Quinn Davis,quinn.davis@sample.dev,self-serve,2023-03-20,3.1,16,1
44283c465f45,Avery Brown,avery.brown@sample.dev,smb,2023-05-05,5.9,33,0
8bd9e14e7c74,Taylor Nguyen,taylor.nguyen@example.com,self-serve,2024-05-06,0,12,0
67dcef2673e6,Morgan Nguyen,morgan.nguyen@demo.org,smb,2024-04-08,6.5,39,0
a7b8ff30ef99,Taylor Garcia,taylor.garcia@demo.org,enterprise,2023-10-17,19.7,83,0
98da037c6619,Alex Patel,alex.patel@example.com,self-serve,2023-07-02,3.2,22,0
e7cb12f026f3,Riley Kim,riley.kim@example.com,self-serve,2024-02-17,2.3,21,0
7c5359e44f56,Casey Lee,casey.lee@example.com,smb,2023-11-14,10.2,17,0
30a3be010265,Morgan Chen,morgan.chen@sample.dev,self-serve,2024-04-01,4.7,0,0
90d6f642805b,Jordan Martin,jordan.martin@demo.org,smb,2024-09-20,9.1,38,1
ac6c627dd25a,Morgan Lee,morgan.lee@example.com,smb,2023-06-08,10.2,19,0
db6dfd1e3771,Casey Lee,casey.lee@sample.dev,self-serve,2024-05-04,1.2,32,0
7ee95d713e2b,Riley Chen,riley.chen@example.com,self-serve,2024-08-05,3.8,6,1
c6788eeff05e,Quinn Martin,quinn.martin@sample.dev,self-serve,2024-04-20,1.6,0,0
7d9d88ffb825,Rowan Patel,rowan.patel@example.com,smb,2023-01-17,10.2,34,0
716b1e0c7fc7,Alex Nguyen,alex.nguyen@sample.dev,self-serve,2023-11-01,1.7,19,0
3c6b812aaac9,Rowan Brown,rowan.brown@sample.dev,self-serve,2023-07-11,3.2,8,0
9be1c49b1c5f,Jordan Martin,jordan.martin@sample.dev,smb,2023-01-06,7.7,26,0
f5cf864ee9c7,Alex Davis,alex.davis@demo.org,smb,2023-11-07,4.0,6,0
ec04f582b200,Alex Brown,alex.brown@example.com,self-serve,2023-05-19,4.0,5,1
442028db2705,Avery Garcia,avery.garcia@demo.org,self-serve,2023-05-29,1.7,0,0
a618dd92dc5b,Riley Patel,riley.patel@example.com,self-serve,2024-04-19,4.3,13,1
2f74d7e787a6,Jamie Lee,jamie.lee@sample.dev,self-serve,2024-04-05,1.8,1,0
05f83c5cbd15,Avery Lopez,avery.lopez@demo.org,self-serve,2024-03-18,6.9,2,0
cfdc5b9dfd67,Quinn Brown,quinn.brown@demo.org,self-serve,2024-02-14,0.3,6,0
9869c7b5d1fe,Jamie Garcia,jamie.garcia@sample.dev,smb,2024-06-24,10.6,26,0
160b07e8e2eb,Alex Lee,alex.lee@example.com,self-serve,2024-09-29,4.7,1,0
fef685ba04bc,Taylor Brown,taylor.brown@demo.org,smb,2024-04-25,7.2,31,0
0d67b6cf656f,Morgan Davis,morgan.davis@sample.dev,enterprise,2024-04-24,21.1,86,0
2a6a3288d7c0,Morgan Lee,morgan.lee@demo.org,smb,2023-06-15,6.8,19,0
a423b5caa167,Jamie Kim,jamie.kim@sample.dev,self-serve,2023-06-10,2.3,2,0
36964234df88,Casey Garcia,casey.garcia@demo.org,self-serve,2023-02-18,4.9,4,0
c4d40ba4a3a4,Taylor Kim,taylor.kim@demo.org,smb,2024-05-30,8.7,25,0
a70dbe2c1aab,Riley Patel,riley.patel@example.com,smb,2024-05-13,7.9,34,0
a5a03b832dd9,Quinn Brown,quinn.brown@sample.dev,enterprise,2024-06-11,19.3,77,1
e07daf7a9706,Jamie Patel,jamie.patel@demo.org,enterprise,2024-09-17,16.9,67,0
8c9424c866fa,Avery Chen,avery.chen@sample.dev,self-serve,2023-05-01,6.0,0,1
26381ea68ece,Jamie Chen,jamie.chen@example.com,self-serve,2023-04-12,4.1,12,0
a3772a900731,Riley Lee,riley.lee@demo.org,enterprise,2023-01-07,20.1,98,0
b55970e78acf,Taylor Patel,taylor.patel@demo.org,self-serve,2024-02-29,1.1,16,1
1f974f057f31,Alex Garcia,alex.garcia@demo.org,self-serve,2024-03-15,1.2,10,0
c0b8c6cc9dcf,Morgan Nguyen,morgan.nguyen@sample.dev,self-serve,2023-01-11,2.5,0,1
3cc6724598af,Morgan Martin,morgan.martin@demo.org,enterprise,2023-06-18,18.2,84,1
ea6fb927d774,Taylor Davis,taylor.davis@demo.org,self-serve,2024-06-16,5.1,3,0
ccda39837ca2,Quinn Brown,quinn.brown@demo.org,smb,2023-11-18,8.2,24,0
e8d06461dbfd,Rowan Kim,rowan.kim@demo.org,smb,2024-04-01,5.4,8,0
ca508787e585,Jamie Lopez,jamie.lopez@demo.org,enterprise,2024-02-19,20.7,59,0
64c5d613ce02,Morgan Martin,morgan.martin@demo.org,smb,2023-05-10,5.5,23,0
75baf75a6d5e,Quinn Brown,quinn.brown@sample.dev,smb,2023-06-13,12.2,28,0
081e54e236af,Riley Brown,riley.brown@demo.org,smb,2024-06-01,8.5,27,0
b55ded75f124,Quinn Lopez,quinn.lopez@sample.dev,self-serve,2023-05-08,0.5,9,1
67fd9f282fa1,Riley Davis,riley.davis@demo.org,smb,2024-06-30,8.8,18,0
c3bc01b93980,Rowan Kim,rowan.kim@example.com,smb,2024-06-16,7.9,20,0
d38512b4b3bb,Morgan Lee,morgan.lee@example.com,self-serve,2024-03-11,3.4,1,1
59c6f9c9d08b,Jamie Garcia,jamie.garcia@sample.dev,self-serve,2024-01-14,2.1,0,0
882f1920d242,Casey Davis,casey.davis@demo.org,self-serve,2024-03-09,6.1,4,0
3bd96bea5518,Alex Kim,alex.kim@demo.org,self-serve,2023-05-11,0.8,6,0
bf9a357575ca,Quinn Patel,quinn.patel@sample.dev,smb,2024-04-11,4.7,27,0
e9a2b90422a8,Jordan Davis,jordan.davis@example.com,enterprise,2023-04-23,21.9,88,1
3e1b3d4e08b5,Jordan Lopez,jordan.lopez@example.com,self-serve,2024-01-19,2.2,15,0
512daf0bd435,Rowan Martin,rowan.martin@sample.dev,self-serve,2023-11-09,4.1,0,0
cb3126b423b1,Avery Patel,avery.patel@demo.org,smb,2023-03-11,9.4,17,0
cab33a1ca2f5,Jamie Lopez,jamie.lopez@example.com,smb,2024-05-01,9.9,8,0
aa1ca70da0ad,Quinn Lee,quinn.lee@demo.org,smb,2024-04-04,9.9,37,1
9a7f0d7efde2,Rowan Martin,rowan.martin@sample.dev,self-serve,2024-02-09,2.7,7,0
5aeabf3eef64,Casey Patel,casey.patel@demo.org,enterprise,2023-01-26,16.8,72,0
